eprint_id,publication_doi,publication_date_year,related_link,related_link_description,linkType,related_url_homepage,related_url_homepage_test,related_doi_prefix,related_doi_owner,related_link_scraped,browser_test,browser_test_notes
112345,10.1029/2021ea001959,2021,https://pdsÉ?êimaging.jpl.nasa.gov/,NASA Planetary Data System Cartography and Imaging Node,URL,https://pdsÉ?êimaging.jpl.nasa.gov,TRUE,NA,NA,https://pds-imaging.jpl.nasa.gov/,TRUE,error in URL but now resolves
108916,10.1029/2020gl091836,2021,http://www.archive.arm.gov,Data,URL,http://www.archive.arm.gov,TRUE,NA,NA,http://www.archive.arm.gov,TRUE,resolves to homepage
108606,10.5194/acp-21-2229-2021,2021,http://106.37.208.233:20035,"Data - real-time PM2.5, O3, NO2, SO2, and CO observations",URL,http://106.37.208.233:20035,TRUE,NA,NA,http://106.37.208.233:20035,FALSE,
106645,10.3847/1538-4357/abb6fb,2020,https://frbhosts.org/,Data,URL,https://frbhosts.org,TRUE,NA,NA,https://frbhosts.org/,FALSE,malware
102224,NA,2020,https://co2.jpl.nasa.gov,Data,URL,https://co2.jpl.nasa.gov,TRUE,NA,NA,https://co2.jpl.nasa.gov,FALSE,
64158,NA,2016,http://motility.caltech.edu/,Motoility Database,URL,http://motility.caltech.edu,TRUE,NA,NA,http://motility.caltech.edu/,FALSE,
63687,10.1016/j.epsl.2015.10.046,2016,http://www.data.scec.org/,Southern California Earthquake Data Center (SCEDC),URL,http://www.data.scec.org,TRUE,NA,NA,http://www.data.scec.org/,FALSE,
57558,10.1002/2014JD022121,2015,http://cdp.ucar.edu/,Data,URL,http://cdp.ucar.edu,TRUE,NA,NA,http://cdp.ucar.edu/,FALSE,
42658,10.1126/science.1247166,2014,http://ppi.pds.nasa.gov/,Archived data in NASA Planetary Data SystemÉ??s Planetary Plasma Interactions Node,URL,http://ppi.pds.nasa.gov,TRUE,NA,NA,http://ppi.pds.nasa.gov/,FALSE,
42648,10.1126/science.1244797,2014,http://ppi.pds.nasa.gov/,Archived data in NASA Planetary Data SystemÉ??s Planetary Plasma Interactions Node,URL,http://ppi.pds.nasa.gov,TRUE,NA,NA,http://ppi.pds.nasa.gov/,FALSE,
42647,10.1126/science.1245267,2014,http://ppi.pds.nasa.gov/,Archived data in NASA Planetary Data SystemÉ??s Planetary Plasma Interactions Node,URL,http://ppi.pds.nasa.gov,TRUE,NA,NA,http://ppi.pds.nasa.gov/,FALSE,
42644,10.1126/science.1242777,2014,http://ppi.pds.nasa.gov/,Archived data in NASA Planetary Data SystemÉ??s Planetary Plasma Interactions Node,URL,http://ppi.pds.nasa.gov,TRUE,NA,NA,http://ppi.pds.nasa.gov/,FALSE,
116216,10.21468/scipostphys.12.1.043,2022,https://www.phenomldata.org/,benchmark dataset,URL,https://www.phenomldata.org,TRUE,NA,NA,https://www.phenomldata.org/,FALSE,
108255,NA,2021,https://megacities.jpl.nasa.gov,CLARS-FTS data,URL,https://megacities.jpl.nasa.gov,TRUE,NA,NA,https://megacities.jpl.nasa.gov,FALSE,
106785,10.1029/2020gl090014,2020,https://www.bou.class.noaa.gov,GOES-R Series Global Lightning Mapper data,URL,https://www.bou.class.noaa.gov,TRUE,NA,NA,https://www.bou.class.noaa.gov,FALSE,
116249,10.1029/2022je007280,2022,https://pds-geosciences.wustl.edu/missions/msl/index.html,NASA Planetary Data System Geosciences Node,URL,https://pds-geosciences.wustl.edu,FALSE,NA,NA,https://pds-geosciences.wustl.edu/missions/msl/index.html,TRUE,
115853,10.1002/hbm.25988,2022,https://neurovault.org/collections/RLVWMYCQ/,Data,URL,https://neurovault.org,FALSE,NA,NA,https://neurovault.org/collections/RLVWMYCQ/,TRUE,
114079,10.1029/2021jc017760,2022,http://www.ecmwf.int/en/forecasts/datasets/archive-datasets/reanalysis-datasets/era5,Data,URL,http://www.ecmwf.int,FALSE,NA,NA,http://www.ecmwf.int/en/forecasts/datasets/archive-datasets/reanalysis-datasets/era5,LOGIN,Need to log in to continue
113509,10.1785/0120210259,2022,https://scedc.caltech.edu/data/eewtesting.htm,Southern California Earthquake Data Center,URL,https://scedc.caltech.edu,FALSE,NA,NA,https://scedc.caltech.edu/data/eewtesting.htm,TRUE,
112846,10.2475/10.2021.02,2021,http://earth.eps.yale.edu/~ajs/SupplementaryData/2021/Maurice/,Supplementary Data,URL,http://earth.eps.yale.edu,FALSE,NA,NA,http://earth.eps.yale.edu/~ajs/SupplementaryData/2021/Maurice/,TRUE,unsafe URL message
112345,10.1029/2021ea001959,2021,https://pdsÉ?êgeosciences.wustl.edu/missions/insight/index.htm,NASA Planetary Data System Geosciences Node,URL,https://pdsÉ?êgeosciences.wustl.edu,FALSE,NA,NA,https://pds-geosciences.wustl.edu/missions/insight/index.htm,TRUE,error in URL but now resolves
112195,10.1073/pnas.2109241118,2021,https://www.ccdc.cam.ac.uk/structures/Search?Ccdcid=2081622&DatabaseToSearch=Published,Data,URL,https://www.ccdc.cam.ac.uk,FALSE,NA,NA,https://www.ccdc.cam.ac.uk/structures/Search?Ccdcid=2081622&DatabaseToSearch=Published,TRUE,
112195,10.1073/pnas.2109241118,2021,https://www.ccdc.cam.ac.uk/structures/Search?Ccdcid=2084054&DatabaseToSearch=Published,Data,URL,https://www.ccdc.cam.ac.uk,FALSE,NA,NA,https://www.ccdc.cam.ac.uk/structures/Search?Ccdcid=2084054&DatabaseToSearch=Published,TRUE,
111712,10.1101/458992,2018,https://github.com/AllenInstitute/chromosome-network-modeling,Data/Code,URL,https://github.com,FALSE,NA,NA,https://github.com/AllenInstitute/chromosome-network-modeling,FALSE,GitHub custom 404
111323,10.1021/acs.orglett.1c02836,2021,https://www.ccdc.cam.ac.uk/services/structure_request?pid=ccdc:2097629&issn=1523-7060&id=doi:10.1021/acs.orglett.1c02836&sid=ACS,Supplementary Crystallographic Data,URL,https://www.ccdc.cam.ac.uk,FALSE,10.1021,American Chemical Society (ACS),https://www.ccdc.cam.ac.uk/services/structure_request?pid=ccdc:2097629&issn=1523-7060&id=doi:10.1021/acs.orglett.1c02836&sid=ACS,TRUE,
110037,10.3389/feart.2021.579198,2021,http://hielo.igme.es/index.php/en/,Datasets,URL,http://hielo.igme.es,FALSE,NA,NA,http://hielo.igme.es/index.php/en/,FALSE,
109676,10.1093/mnras/stab911,2021,https://gitlab.com/ssc-boxfit/SSC_boxfit,Data/Code,URL,https://gitlab.com,FALSE,NA,NA,https://gitlab.com/ssc-boxfit/SSC_boxfit,LOGIN,Need to log in to continue
108161,NA,2021,https://github.com/jinlong83/statistical-constrained-GANS,Data,URL,https://github.com,FALSE,NA,NA,https://github.com/jinlong83/statistical-constrained-GANS,FALSE,GitHub custom 404
108161,NA,2021,https://github.com/Rui1521/Equivariant-Neural-Nets,Data,URL,https://github.com,FALSE,NA,NA,https://github.com/Rui1521/Equivariant-Neural-Nets,FALSE,GitHub custom 404
108004,10.1093/mnras/staa3429,2021,https://github.com/UBC-Astrophysics/QEDSurface/tree/master/Caiazzo_Heyl_Model,Data,URL,https://github.com,FALSE,NA,NA,https://github.com/UBC-Astrophysics/QEDSurface/tree/master/Caiazzo_Heyl_Model,FALSE,GitHub custom 404
106844,10.1093/mnrasl/slaa150,2020,https://www.iram-institute.org/EN/content-page-386-7-386-0-0-0.html,Data,URL,https://www.iram-institute.org,FALSE,NA,NA,https://www.iram-institute.org/EN/content-page-386-7-386-0-0-0.html,FALSE,
106174,10.1101/2020.10.19.345538,2020,https://coralsnp.science.psu.edu/galaxy,Data,URL,https://coralsnp.science.psu.edu,FALSE,NA,NA,https://coralsnp.science.psu.edu/galaxy,FALSE,
105783,10.1016/j.devcel.2021.01.019,2021,https://gitlab.com/slcu/teamhj/publications/refahi_etal_2019,Data,URL,https://gitlab.com,FALSE,NA,NA,https://gitlab.com/slcu/teamhj/publications/refahi_etal_2019,LOGIN,Need to log in to continue
105345,10.1016/j.icarus.2020.114098,2021,https://dmp.seti.org/mshowalter/lightcurves,Data,URL,https://dmp.seti.org,FALSE,NA,NA,https://dmp.seti.org/mshowalter/lightcurves,FALSE,
105301,10.1038/s41586-022-04742-w,2022,http://odr.stowers.org/websimr/,Stowers Original Data Repository,URL,http://odr.stowers.org,FALSE,NA,NA,http://odr.stowers.org/websimr/,FALSE,
105005,10.1038/s41467-020-17998-5,2020,https://github.com/mbulla/kilonova_model,Data,URL,https://github.com,FALSE,NA,NA,https://github.com/mbulla/kilonova_model,FALSE,GitHub custom 404
104585,10.1101/2020.07.25.210468,2020,http://capblood-seq.caltech.edu/#,Data/Code,URL,http://capblood-seq.caltech.edu,FALSE,NA,NA,http://capblood-seq.caltech.edu/#,FALSE,
104099,10.1093/mnras/staa2808,2020,http://ramekin.caltech.edu/KBSS,Data,URL,http://ramekin.caltech.edu,FALSE,NA,NA,http://ramekin.caltech.edu/KBSS,FALSE,
102968,NA,2020,https://caltech.box.com/s/b1rxyfr28ti75gl1q2qqs0lq87qvcz0q,Data/Code,URL,https://caltech.box.com,FALSE,NA,NA,https://caltech.box.com/s/b1rxyfr28ti75gl1q2qqs0lq87qvcz0q,FALSE,"Box message ""file removed"""
102690,10.1074/jbc.m412787200,2005,https://www.jbc.org/content/280/18/18442/suppl/DC1,Supplemental Data,URL,https://www.jbc.org,FALSE,NA,NA,https://www.jbc.org/content/280/18/18442/suppl/DC1,TRUE,"Resolves to article, data is supplemental"
102689,10.1074/jbc.m507322200,2005,https://www.jbc.org/content/280/40/34063/suppl/DC1,Supplemental Data,URL,https://www.jbc.org,FALSE,NA,NA,https://www.jbc.org/content/280/40/34063/suppl/DC1,TRUE,"Resolves to article, data is supplemental"
102494,10.1074/jbc.m113.499921,2014,https://www.jbc.org/content/289/7/4395/suppl/DC1,Supplemental Data,URL,https://www.jbc.org,FALSE,NA,NA,https://www.jbc.org/content/289/7/4395/suppl/DC1,TRUE,"Resolves to article, data is supplemental"
102224,NA,2020,https://oco2.gesdisc.eosdis.nasa.gov/data/OCO2_DATA/OCO2_L2_Lite_SIF.8r,Data,URL,https://oco2.gesdisc.eosdis.nasa.gov,FALSE,NA,NA,https://oco2.gesdisc.eosdis.nasa.gov/data/OCO2_DATA/OCO2_L2_Lite_SIF.8r,FALSE,
100256,10.1029/2019jd031159,2019,https://figshare.com/articles/A_MultiÉ?êYear_Data_Set_on_AerosolÉ?êCloudÉ?êPrecipitationÉ?êMeteorology_Interactions_for_Marine_Stratocumulus_Clouds/5099983,Data,URL,https://figshare.com,FALSE,NA,NA,https://figshare.com/articles/dataset/A_Multi-Year_Data_Set_on_Aerosol-Cloud-Precipitation-Meteorology_Interactions_for_Marine_Stratocumulus_Clouds/5099983,TRUE,error in URL but now resolves
99888,10.1104/pp.19.00980,2020,http://www.plantphysiol.org/content/182/1/147/tab-figures-data,Supplemental Data,URL,http://www.plantphysiol.org,FALSE,NA,NA,http://www.plantphysiol.org/content/182/1/147/tab-figures-data,FALSE,
97174,10.1186/s13059-021-02286-2,2021,https://www.starmapresources.com/data,Data,URL,https://www.starmapresources.com,FALSE,NA,NA,https://www.starmapresources.com/data,FALSE,
97174,10.1186/s13059-021-02286-2,2021,http://welikesharingdata.blob.core.windows.net/forshare/index.html,Data,URL,http://welikesharingdata.blob.core.windows.net,FALSE,NA,NA,http://welikesharingdata.blob.core.windows.net/forshare/index.html,FALSE,
96939,NA,2020,https://neurovault.org/collections/DXZZFYSF/,Data,URL,https://neurovault.org,FALSE,NA,NA,https://neurovault.org/collections/DXZZFYSF/,TRUE,
95223,NA,2019,https://gdex.cr.usgs.gov/gdex/,USGS Global Data Explorer,URL,https://gdex.cr.usgs.gov,FALSE,NA,NA,https://gdex.cr.usgs.gov/gdex/,FALSE,
95060,10.1029/2018jd029287,2018,https://figshare.com/articles/A_MultiÉ?êYear_Data_Set_on_AerosolÉ?êCloudÉ?êPrecipitationÉ?êMeteorology_Interactions_for_Marine_Stratocumulus_Clouds/5099983,Data,URL,https://figshare.com,FALSE,NA,NA,https://figshare.com/articles/dataset/A_Multi-Year_Data_Set_on_Aerosol-Cloud-Precipitation-Meteorology_Interactions_for_Marine_Stratocumulus_Clouds/5099983,TRUE,error in URL but now resolves
92505,NA,2019,https://neurovault.org/collections/XARLTMZQ,Data,URL,https://neurovault.org,FALSE,NA,NA,https://neurovault.org/collections/XARLTMZQ,TRUE,
92505,NA,2019,https://neurovault.org/collections/DDWMWXCU,Data,URL,https://neurovault.org,FALSE,NA,NA,https://neurovault.org/collections/DDWMWXCU,TRUE,
91845,10.1029/2018JB016674,2019,https://.doi.org/10.7909/C3WD3xH1,SCEDC (2013): Southern California Earthquake Center.  Caltech.Dataset.,URL,https://.doi.org,FALSE,10.7909,caltech.library,https://doi.org/10.7909/C3WD3xH1,TRUE,error in URL but now resolves
84884,10.2337/db17-0788,2018,http://diabetes.diabetesjournals.org/content/suppl/2018/02/05/db17-0788.DC1,Supplementary Data,URL,http://diabetes.diabetesjournals.org,FALSE,NA,NA,http://diabetes.diabetesjournals.org/content/suppl/2018/02/05/db17-0788.DC1,FALSE,
81666,10.1126/sciadv.1602557,2017,http://advances.sciencemag.org/content/suppl/2017/03/20/3.3.e1602557.DC1,Supplemental Data,URL,http://advances.sciencemag.org,FALSE,NA,NA,http://advances.sciencemag.org/content/suppl/2017/03/20/3.3.e1602557.DC1,TRUE,"Resolves to article, data is supplemental"
79128,10.1096/fj.201700288R,2017,http://www.fasebj.org/content/31/10/4515/suppl/DC1,Supplemental Data,URL,http://www.fasebj.org,FALSE,NA,NA,http://www.fasebj.org/content/31/10/4515/suppl/DC1,TRUE,"Resolves to article, data is supplemental"
74775,10.1104/pp.16.01762,2017,http://www.plantphysiol.org/content/173/3/1543/suppl/DC1,Supplemental Data,URL,http://www.plantphysiol.org,FALSE,NA,NA,http://www.plantphysiol.org/content/173/3/1543/suppl/DC1,FALSE,
74058,10.1096/fj.201600815R,2016,https://www.fasebj.org/content/31/2/569/suppl/DC1,Supplemental Data,URL,https://www.fasebj.org,FALSE,NA,NA,https://www.fasebj.org/content/31/2/569/suppl/DC1,TRUE,"Resolves to article, data is supplemental"
73620,10.1104/pp.16.01762,2017,http://www.plantphysiol.org/content/early/2017/01/19/pp.16.01762/suppl/DC1,Supplemental Data,URL,http://www.plantphysiol.org,FALSE,NA,NA,http://www.plantphysiol.org/content/early/2017/01/19/pp.16.01762/suppl/DC1,FALSE,
72721,10.1074/jbc.M116.753822,2017,http://www.jbc.org/cgi/content/full/M116.753822/DC1,Supplemental Data,URL,http://www.jbc.org,FALSE,NA,NA,http://www.jbc.org/cgi/content/full/M116.753822/DC1,FALSE,
72596,NA,2007,http://www.plantcell.org/content/19/11/3516/suppl/DC1,Supplemental Data,URL,http://www.plantcell.org,FALSE,NA,NA,http://www.plantcell.org/content/19/11/3516/suppl/DC1,FALSE,
72554,NA,2007,http://www.plantphysiol.org/content/145/3/747/suppl/DC1,Supplemental Data,URL,http://www.plantphysiol.org,FALSE,NA,NA,http://www.plantphysiol.org/content/145/3/747/suppl/DC1,FALSE,
72511,NA,2004,http://www.plantcell.org/content/16/10/2586/suppl/DC1,Supplemental Data,URL,http://www.plantcell.org,FALSE,NA,NA,http://www.plantcell.org/content/16/10/2586/suppl/DC1,FALSE,
72509,NA,2004,http://www.plantcell.org/content/16/5/1314/suppl/DC1,Supplemental Data,URL,http://www.plantcell.org,FALSE,NA,NA,http://www.plantcell.org/content/16/5/1314/suppl/DC1,FALSE,TRUE+O65
72179,10.1126/science.aah6765,2017,http://sbn.psi.edu/pds/archive/dawn.html,NASA Planetary Data System,URL,http://sbn.psi.edu,FALSE,NA,NA,http://sbn.psi.edu/pds/archive/dawn.html,FALSE,
70618,10.1128/mBio.00796-16,2016,http://mbio.asm.org/content/suppl/2016/09/21/mBio.00796-16.DCSupplemental,Supplementary Data,URL,http://mbio.asm.org,FALSE,NA,NA,http://mbio.asm.org/content/suppl/2016/09/21/mBio.00796-16.DCSupplemental,TRUE,"Resolves to article, data is supplemental"
69816,10.1093/nar/gkw715,2016,http://nar.oxfordjournals.org/content/suppl/2016/08/16/gkw715.DC1,Supplementary Data,URL,http://nar.oxfordjournals.org,FALSE,NA,NA,http://nar.oxfordjournals.org/content/suppl/2016/08/16/gkw715.DC1,FALSE,
69795,10.1096/fj.10-171728,2011,http://www.fasebj.org/content/25/3/875/suppl/DC1,Supplemental Data,URL,http://www.fasebj.org,FALSE,NA,NA,http://www.fasebj.org/content/25/3/875/suppl/DC1,TRUE,"Resolves to article, data is supplemental"
69094,10.1074/mcp.M116.061036,2016,http://www.mcponline.org/content/15/9/2970/suppl/DC1,Supplemental Data,URL,http://www.mcponline.org,FALSE,NA,NA,http://www.mcponline.org/content/15/9/2970/suppl/DC1,TRUE,"Resolves to article, data is supplemental"
67865,10.1038/nsmb.3244,2016,http://www.pdb.org/pdb/search/structidSearch.do?structureId=4XMM,Protein Data Bank,URL,http://www.pdb.org,FALSE,NA,NA,http://www.pdb.org/pdb/search/structidSearch.do?structureId=4XMM,FALSE,
67366,10.2337/db15-1607,2016,http://diabetes.diabetesjournals.org/content/suppl/2016/05/19/db15-1607.DC1,Supplementary Data,URL,http://diabetes.diabetesjournals.org,FALSE,NA,NA,http://diabetes.diabetesjournals.org/content/suppl/2016/05/19/db15-1607.DC1,FALSE,
66233,10.1126/science.aae0047,2016,http://www.lncRNA.caltech.edu/data.php,Addtional Data,URL,http://www.lncRNA.caltech.edu,FALSE,NA,NA,http://www.lncRNA.caltech.edu/data.php,FALSE,
62464,10.1177/1745691615600138,2015,http://pps.sagepub.com/content/10/6/772/suppl/DC1,Data Supplement,URL,http://pps.sagepub.com,FALSE,NA,NA,http://pps.sagepub.com/content/10/6/772/suppl/DC1,TRUE,"Resolves to article, data is supplemental"
62208,10.1016/j.neuron.2006.10.019,2006,http://www.neuron.org/cgi/content/full/52/5/857/DC1/,Supplemental Data,URL,http://www.neuron.org,FALSE,NA,NA,http://www.neuron.org/cgi/content/full/52/5/857/DC1/,TRUE,"Resolves to article, data is supplemental"
61769,10.1128/mBio.01520-15,2015,http://mbio.asm.org/lookup/suppl/doi:10.1128/mBio.01520-15/-/DCSupplemental,Supplementary Data,URL,http://mbio.asm.org,FALSE,10.1128,American Society for Microbiology,http://mbio.asm.org/lookup/suppl/doi:10.1128/mBio.01520-15/-/DCSupplemental,FALSE,
58364,10.1128/mBio.02549-14,2015,http://mbio.asm.org/content/suppl/2015/02/24/mBio.02549-14.DCSupplemental,Supplementary Data,URL,http://mbio.asm.org,FALSE,NA,NA,http://mbio.asm.org/content/suppl/2015/02/24/mBio.02549-14.DCSupplemental,TRUE,"Resolves to article, data is supplemental"
57891,10.1038/nature14874,2015,http://www.pdb.org/pdb/search/structidSearch.do?structureId=4QTR,Protein Data Bank,URL,http://www.pdb.org,FALSE,NA,NA,http://www.pdb.org/pdb/search/structidSearch.do?structureId=4QTR,FALSE,
57782,10.1088/1748-9326/10/4/044020,2015,http://iopscience.iop.org/1748-9326/10/4/044020/media,Supplementary Data,URL,http://iopscience.iop.org,FALSE,NA,NA,http://iopscience.iop.org/1748-9326/10/4/044020/media,TRUE,Supplemental material
56563,10.1088/0264-9381/32/6/065001,2015,http://iopscience.iop.org/0264-9381/32/6/065001/media,Supplementary Data,URL,http://iopscience.iop.org,FALSE,NA,NA,http://iopscience.iop.org/0264-9381/32/6/065001/media,TRUE,Supplemental material
56112,10.1038/nature02733,2004,http://www.nature.com/nature/journal/v430/n6997/extref/nature02733-s7.htm,"Supplementary Data This includes an HTML Contents Table linking to the microarray time course, processed data and raw data files",URL,http://www.nature.com,FALSE,NA,NA,http://www.nature.com/nature/journal/v430/n6997/extref/nature02733-s7.htm,FALSE,
55090,10.1074/jbc.M114.603365,2015,http://www.jbc.org/content/290/14/9135/suppl/DC1,Supplemental Data,URL,http://www.jbc.org,FALSE,NA,NA,http://www.jbc.org/content/290/14/9135/suppl/DC1,TRUE,"Resolves to article, data is supplemental"
54077,10.1073/pnas.1212083110,2013,http://ncs.ethz.ch/projects/vlsi-wta-networks/synthesizing-cognition-in-neuromorphic-vlsi-systems-experimental-data/view,Experimental Data,URL,http://ncs.ethz.ch,FALSE,NA,NA,http://ncs.ethz.ch/projects/vlsi-wta-networks/synthesizing-cognition-in-neuromorphic-vlsi-systems-experimental-data/view,FALSE,
54074,10.1096/fj.14-260844,2015,http://www.fasebj.org/content/29/5/1635/suppl/DC1,Supplemental Data,URL,http://www.fasebj.org,FALSE,NA,NA,http://www.fasebj.org/content/29/5/1635/suppl/DC1,TRUE,"Resolves to article, data is supplemental"
53768,10.1016/j.poly.2014.05.022,2014,http://www.ccdc.cam.ac.uk/conts/retrieving.html,Cambridge Structural Database,URL,http://www.ccdc.cam.ac.uk,FALSE,NA,NA,http://www.ccdc.cam.ac.uk/conts/retrieving.html,FALSE,
53338,10.1074/jbc.M114.614420,2015,http://www.jbc.org/content/290/8/4908/suppl/DC1,Supplemental Data,URL,http://www.jbc.org,FALSE,NA,NA,http://www.jbc.org/content/290/8/4908/suppl/DC1,TRUE,"Resolves to article, data is supplemental"
52005,10.1098/rsta.2014.0134,2014,http://rsta.royalsocietypublishing.org/content/372/2031/20140134/suppl/DC1,Data Supplement,URL,http://rsta.royalsocietypublishing.org,FALSE,NA,NA,http://rsta.royalsocietypublishing.org/content/372/2031/20140134/suppl/DC1,TRUE,Supplemental material
51905,10.1126/science.1059776,2001,http://www.sciencemag.org/content/292/5520/1379/suppl/DC1,Supplementary Data,URL,http://www.sciencemag.org,FALSE,NA,NA,http://www.sciencemag.org/content/292/5520/1379/suppl/DC1,TRUE,"Resolves to article, data is supplemental"
51854,10.1126/science.1067081,2002,http://www.sciencemag.org/content/295/5556/868/suppl/DC1,Supplemental Data,URL,http://www.sciencemag.org,FALSE,NA,NA,http://www.sciencemag.org/content/295/5556/868/suppl/DC1,TRUE,"Resolves to article, data is supplemental"
51806,10.1126/science.1071142,2002,http://www.sciencemag.org/content/296/5570/1091/suppl/DC1,Supplemental Data,URL,http://www.sciencemag.org,FALSE,NA,NA,http://www.sciencemag.org/content/296/5570/1091/suppl/DC1,TRUE,"Resolves to article, data is supplemental"
50494,10.1158/1078-0432.CCR-14-0489,2014,http://clincancerres.aacrjournals.org/content/early/2014/10/02/1078-0432.CCR-14-0489/suppl/DC1,Supplementary Data,URL,http://clincancerres.aacrjournals.org,FALSE,NA,NA,http://clincancerres.aacrjournals.org/content/early/2014/10/02/1078-0432.CCR-14-0489/suppl/DC1,FALSE,
50244,10.1177/1087057114551334,2015,http://jbx.sagepub.com/content/20/2/275/suppl/DC1,Supplemental Data,URL,http://jbx.sagepub.com,FALSE,NA,NA,http://jbx.sagepub.com/content/20/2/275/suppl/DC1,TRUE,"Resolves to article, data is supplemental"
50207,10.1098/rstb.2013.0473,2014,http://rstb.royalsocietypublishing.org/content/369/1655/20130473/suppl/DC1,Data Supplement,URL,http://rstb.royalsocietypublishing.org,FALSE,NA,NA,http://rstb.royalsocietypublishing.org/content/369/1655/20130473/suppl/DC1,TRUE,Supplemental material
49280,10.4049/jimmunol.1301663,2014,http://www.jimmunol.org/content/suppl/2014/08/28/jimmunol.1301663.DCSupplemental,Data Supplement,URL,http://www.jimmunol.org,FALSE,NA,NA,http://www.jimmunol.org/content/suppl/2014/08/28/jimmunol.1301663.DCSupplemental,FALSE,
48854,10.1098/rsif.2014.0617,2014,http://rsif.royalsocietypublishing.org/content/11/98/20140617/suppl/DC1,Data Supplement,URL,http://rsif.royalsocietypublishing.org,FALSE,NA,NA,http://rsif.royalsocietypublishing.org/content/11/98/20140617/suppl/DC1,TRUE,Supplemental material
46565,10.1088/1748-3182/9/2/025001,2014,http://iopscience.iop.org/1748-3190/9/2/025001/media,Supplementary Data,URL,http://iopscience.iop.org,FALSE,NA,NA,http://iopscience.iop.org/1748-3190/9/2/025001/media,TRUE,Supplemental material
46549,10.1088/1748-3182/9/2/025002,2014,http://iopscience.iop.org/1748-3190/9/2/025002/media,Supplementary Data,URL,http://iopscience.iop.org,FALSE,NA,NA,http://iopscience.iop.org/1748-3190/9/2/025002/media,TRUE,Supplemental material
46426,10.4049/jimmunol.1400093,2014,http://www.jimmunol.org/lookup/suppl/doi:10.4049/jimmunol.1400093/-/DCSupplemental,Data Supplement,URL,http://www.jimmunol.org,FALSE,10.4049,The American Association of Immunologists,http://www.jimmunol.org/lookup/suppl/doi:10.4049/jimmunol.1400093/-/DCSupplemental,FALSE,
46336,10.1126/science.1057265,2001,http://www.sciencemag.org/content/291/5506/1026/suppl/DC1,Supplemental Data,URL,http://www.sciencemag.org,FALSE,NA,NA,http://www.sciencemag.org/content/291/5506/1026/suppl/DC1,TRUE,"Resolves to article, data is supplemental"
46175,10.1073/pnas.1323922111,2014,http://www.pnas.org/lookup/suppl/doi:10.1073/pnas.1323922111/-/DCSupplemental,Data Supplement,URL,http://www.pnas.org,FALSE,10.1073,Proceedings of the National Academy of Sciences,http://www.pnas.org/lookup/suppl/doi:10.1073/pnas.1323922111/-/DCSupplemental,TRUE,"Resolves to article, data is supplemental"
46074,10.1073/pnas.1403500111,2014,http://www.pnas.org/content/111/17/6231/suppl/DCSupplemental,Data Supplement,URL,http://www.pnas.org,FALSE,NA,NA,http://www.pnas.org/content/111/17/6231/suppl/DCSupplemental,TRUE,"Resolves to article, data is supplemental"
46073,10.1073/pnas.1400380111,2014,http://www.pnas.org/content/111/22/7952/suppl/DCSupplemental,Data Supplement,URL,http://www.pnas.org,FALSE,NA,NA,http://www.pnas.org/content/111/22/7952/suppl/DCSupplemental,TRUE,"Resolves to article, data is supplemental"
45021,10.1074/mcp.M113.031765,2014,http://www.mcponline.org/content/13/3/780/suppl/DC1,Supplemental Data,URL,http://www.mcponline.org,FALSE,NA,NA,http://www.mcponline.org/content/13/3/780/suppl/DC1,TRUE,"Resolves to article, data is supplemental"
34526,10.1074/jbc.M112.391961,2012,http://www.jbc.org/content/287/35/29861/suppl/DC1,Supplemental Data,URL,http://www.jbc.org,FALSE,NA,NA,http://www.jbc.org/content/287/35/29861/suppl/DC1,TRUE,"Resolves to article, data is supplemental"
17376,10.1194/M900250-JLR200,2010,http://www.jlr.org/cgi/content/full/M900250-JLR200/DC1,Supplemental Data,URL,http://www.jlr.org,FALSE,NA,NA,http://www.jlr.org/cgi/content/full/M900250-JLR200/DC1,FALSE,
12246,10.1016/j.cell.2008.07.016,2008,http://www.cell.com/cgi/content/full/134/6/956/DC1/,Supplemental Data,URL,http://www.cell.com,FALSE,NA,NA,http://www.cell.com/cgi/content/full/134/6/956/DC1/,TRUE,"Resolves to article, data is supplemental"
9668,NA,2008,http://www.jbc.org/content/283/14/8829/suppl/DC1,Supplemental Data,URL,http://www.jbc.org,FALSE,NA,NA,http://www.jbc.org/content/283/14/8829/suppl/DC1,TRUE,"Resolves to article, data is supplemental"
113975,10.1016/j.rse.2021.112858,2022,https://lpdaac.usgs.gov/products/mcd43a4v006/,MODIS surface reflectance data,URL,https://lpdaac.usgs.gov,FALSE,NA,NA,https://lpdaac.usgs.gov/products/mcd43a4v006/,TRUE,
113495,10.1029/2021ms002747,2022,https://avdc.gsfc.nasa.gov/pub/data/satellite/MetOp/GOME_F,GOME-2 SIF data,URL,https://avdc.gsfc.nasa.gov,FALSE,NA,NA,https://avdc.gsfc.nasa.gov/pub/data/satellite/MetOp/GOME_F,FALSE,
113463,10.1002/essoar.10510526.3,2022,http://p21.jamstec.go.jp/top,Ocean bottom pressure data,URL,http://p21.jamstec.go.jp,FALSE,NA,NA,http://p21.jamstec.go.jp/top,FALSE,
113440,10.1038/s41586-022-04396-8,2022,https://gin.g-node.org/bneedham/Needham_Nature_2022,2DG data,URL,https://gin.g-node.org,FALSE,NA,NA,https://gin.g-node.org/bneedham/Needham_Nature_2022,FALSE,
112361,10.1029/2021ea002078,2022,https://co2.jpl.nasa.gov/#mission=OCO-2,OCO-2 Version 10 SIF and column COÉ?? data,URL,https://co2.jpl.nasa.gov,FALSE,NA,NA,https://co2.jpl.nasa.gov/#mission=OCO-2,FALSE,
112331,10.1029/2021av000469,2021,http://www.tropomi.eu/data-products/carbon-monoxide,TROPOMI CO data,URL,http://www.tropomi.eu,FALSE,NA,NA,http://www.tropomi.eu/data-products/carbon-monoxide,FALSE,
111883,10.1126/sciadv.abf7460,2021,https://tes.jpl.nasa.gov/chemical-reanalysis/,basic concentration and emission data,URL,https://tes.jpl.nasa.gov,FALSE,NA,NA,https://tes.jpl.nasa.gov/chemical-reanalysis/,FALSE,
110170,10.5194/acp-21-9545-2021,2021,https://www.eol.ucar.edu/field_projects/hippo/,HIPPO aircraft data,URL,https://www.eol.ucar.edu,FALSE,NA,NA,https://www.eol.ucar.edu/field_projects/hippo/,FALSE,
110170,10.5194/acp-21-9545-2021,2021,https://databace.scisat.ca/level2/ace_v3.5_v3.6/,ACE-FTS data,URL,https://databace.scisat.ca,FALSE,NA,NA,https://databace.scisat.ca/level2/ace_v3.5_v3.6/,FALSE,
109944,10.1029/2021jc017429,2021,https://resources.marine.copernicus.eu/%3Foption%3Dcom_csw%26task%3Dresults,Satellite altimeter data,URL,https://resources.marine.copernicus.eu,FALSE,NA,NA,https://resources.marine.copernicus.eu/%3Foption%3Dcom_csw%26task%3Dresults,FALSE,
109816,10.1029/2021gl094235,2021,http://atmos.nmsu.edu:8080/pds,JIRAM data,URL,http://atmos.nmsu.edu:8080,FALSE,NA,NA,http://atmos.nmsu.edu:8080/pds,FALSE,
109468,10.1029/2020jg006136,2021,https://e4ftl01.cr.usgs.gov/MOTA/MCD18A2.006/,MCD18A2 data,URL,https://e4ftl01.cr.usgs.gov,FALSE,NA,NA,https://e4ftl01.cr.usgs.gov/MOTA/MCD18A2.006/,FALSE,
109424,10.1029/2020sw002654,2021,https://cdaweb.sci.gsfc.nasa.gov/index.html/,Wind data,URL,https://cdaweb.sci.gsfc.nasa.gov,FALSE,NA,NA,https://cdaweb.sci.gsfc.nasa.gov/index.html/,FALSE,
108253,10.1029/2020gl091875,2021,https://co2.jpl.nasa.gov/#mission=OCOÉ?ê2,OCOÉ?ê2 Version 9 column COÉ?? data,URL,https://co2.jpl.nasa.gov,FALSE,NA,NA,https://co2.jpl.nasa.gov/#mission=OCO-2,FALSE,error in URL
108119,NA,2021,https://edgar.jrc.ec.europa.eu/overview.php?v=432_GHG,EDGAR methane emission bottom-up inventory data,URL,https://edgar.jrc.ec.europa.eu,FALSE,NA,NA,https://edgar.jrc.ec.europa.eu/overview.php?v=432_GHG,TRUE,resolves to homepage
108005,10.1029/2020jd033967,2021,https://search.earthdata.nasa.gov/search/granules?p=C1288777617É?êLARC,MOPITT data,URL,https://search.earthdata.nasa.gov,FALSE,NA,NA,https://search.earthdata.nasa.gov/search/granules?p=C1288777617-LARC,TRUE,error in URL but now resolves
107876,10.1029/2020gl090983,2021,http://apps.ecmwf.int/datasets/data/interim_full_daily,ERAÉ?êInterim data,URL,http://apps.ecmwf.int,FALSE,NA,NA,http://apps.ecmwf.int/datasets/data/interim_full_daily,FALSE,
107587,10.1029/2020gl091376,2021,http://www2.physik.uni-kiel.de/stereo/data/sept,STEREO SEPT data,URL,http://www2.physik.uni-kiel.de,FALSE,NA,NA,http://www2.physik.uni-kiel.de/stereo/data/sept,FALSE,
107463,10.5194/acp-20-14597-2020,2020,https://bai.acom.ucar.edu/Data/fire,FINN emission data,URL,https://bai.acom.ucar.edu,FALSE,NA,NA,https://bai.acom.ucar.edu/Data/fire,FALSE,
105752,10.1111/gcb.15373,2021,https://avdc.gsfc.nasa.gov/pub/data/satellite/MetOp/GOME_F/v28,GOME-2 SIF data,URL,https://avdc.gsfc.nasa.gov,FALSE,NA,NA,https://avdc.gsfc.nasa.gov/pub/data/satellite/MetOp/GOME_F/v28,FALSE,
105752,10.1111/gcb.15373,2021,https://www.bgcjena.mpg.de/geodb/projects/Data.php,FLUXCOM GPP data,URL,https://www.bgcjena.mpg.de,FALSE,NA,NA,https://www.bgcjena.mpg.de/geodb/projects/Data.php,FALSE,
105256,https://doi.org/10.1029/2018GB006135,2019,https://www.bgcÉ?êjena.mpg.de/bgi/index.php/Services/Overview,MTEÉ?êGPP data,URL,https://www.bgcÉ?êjena.mpg.de,FALSE,NA,NA,https://www.bgc-jena.mpg.de/bgi/index.php/Services/Overview,FALSE,error in URL
105116,10.1029/2020gl089102,2020,https://www.metoc.navy.mil/jtwc/jtwc.html?best-tracks,Best Track tropical cyclone data,URL,https://www.metoc.navy.mil,FALSE,NA,NA,https://www.metoc.navy.mil/jtwc/jtwc.html?best-tracks,TRUE,
104183,10.1038/s41586-020-2421-7,2020,https://archive.stsci.edu/missions-and-data/transiting-exoplanet-survey-satellite-tess,TESS data,URL,https://archive.stsci.edu,FALSE,NA,NA,https://archive.stsci.edu/missions-and-data/transiting-exoplanet-survey-satellite-tess,FALSE,
101062,10.3847/1538-4365/ab578f,2020,http://www2.physik.uni-kiel.de/stereo/data/sept/,STEREO SEPT data,URL,http://www2.physik.uni-kiel.de,FALSE,NA,NA,http://www2.physik.uni-kiel.de/stereo/data/sept/,FALSE,
92247,10.1016/j.cageo.2019.01.001,2019,https://bitbucket.org/wlandry/gamra,Research data,URL,https://bitbucket.org,FALSE,NA,NA,https://bitbucket.org/wlandry/gamra,FALSE,
92026,10.3847/1538-3881/aac6e2,2018,https://eosweb.larc.nasa.gov/project/dscovr/dscovr_epic_l1a_2,DISCOVR data,URL,https://eosweb.larc.nasa.gov,FALSE,NA,NA,https://eosweb.larc.nasa.gov/project/dscovr/dscovr_epic_l1a_2,FALSE,
72209,10.1126/science.1237973,2013,http://www.lncrna.caltech.edu/RAP/,Additional data and information,URL,http://www.lncrna.caltech.edu,FALSE,NA,NA,http://www.lncrna.caltech.edu/RAP/,FALSE,
70137,10.1002/2015JE004989,2016,http://webgis.wr.usgs.gov/pigwad/down/mars_dl.htm,USGS Planetary GIS Web Server  - MOLA data,URL,http://webgis.wr.usgs.gov,FALSE,NA,NA,http://webgis.wr.usgs.gov/pigwad/down/mars_dl.htm,FALSE,
61552,10.1038/nature15527,2015,https://archive.stsci.edu/missions/hlsp/k2sff/html/c01/ep201563164.html,Processed K2 data,URL,https://archive.stsci.edu,FALSE,NA,NA,https://archive.stsci.edu/missions/hlsp/k2sff/html/c01/ep201563164.html,FALSE,
116260,10.5194/acp-22-9617-2022,2022,10.1021/acs.estlett.1c00173,Data,DOI,NA,NA,10.1021,American Chemical Society (ACS),https://doi.org/10.1021/acs.estlett.1c00173,TRUE,"Resolves to article, data is supplemental"
111605,10.1016/j.chom.2021.09.009,2021,10.17632/vp68zv9wj9.1,Data,DOI,NA,NA,10.17632,bl.mendeley,https://doi.org/10.17632/vp68zv9wj9.1,FALSE,doi.org message
111177,10.1038/s41467-021-26128-8,2021,10.26188/1655706038,Data,DOI,NA,NA,10.26188,unimelb.repo1,https://doi.org/10.26188/1655706038,FALSE,doi.org message
109556,10.1029/2020jb021053,2021,10.9732/BDSN,Data,DOI,NA,NA,10.9732,Revista Brasileira de Estudos Politicos,https://doi.org/10.9732/BDSN,FALSE,doi.org message
108168,10.1002/essoar.10506289.1,2021,10.17632/mkpgbs4hf3.1,Data,DOI,NA,NA,10.17632,bl.mendeley,https://doi.org/10.17632/mkpgbs4hf3.1,FALSE,doi.org message
106221,10.1029/2020EA001463,2021,10.5281/zenodo.4017974,Data,DOI,NA,NA,10.5281,cern.zenodo,https://doi.org/10.5281/zenodo.4017974,FALSE,"Record removed from zenodo, marked as 'spam record'"
103512,NA,2020,10.2905/21935FFC-B797-4BEE-94DA-8FEC85B3F9E1,Dataset,DOI,NA,NA,10.2905,europ.data,https://doi.org/10.2905/21935FFC-B797-4BEE-94DA-8FEC85B3F9E1,TRUE,
102428,NA,2020,10.14768/20181126001.1,Data,DOI,NA,NA,10.14768,inist.ipsl,https://doi.org/10.14768/20181126001.1,FALSE,Weird error message (not from doi.org)
102411,10.1029/2019gc008751,2020,10.25852/nioz/7b.b.q,Data,DOI,NA,NA,10.25852,bl.crest,https://doi.org/10.25852/nioz/7b.b.q,FALSE,doi.org message
100825,10.1016/j.molcel.2019.12.013,2020,10.17632/48z8gbddzb.1,Data,DOI,NA,NA,10.17632,bl.mendeley,https://doi.org/10.17632/48z8gbddzb.1,FALSE,doi.org message
67048,NA,2016,10.7910/DVN/29495,Data and replication code,DOI,NA,NA,10.791,gdcc.harvard-dv,https://doi.org/10.7910/DVN/29495,FALSE,doi.org message
106838,NA,2020,10.11998/SeisDmc/SN,Seismic data,DOI,NA,NA,10.11998,ISTIC,https://doi.org/10.11998/SeisDmc/SN,FALSE,site not responding
106838,NA,2020,10.12129/IGGSL.Data.Observation,Waveforms of the NECsaids data,DOI,NA,NA,10.12129,ISTIC,https://doi.org/10.12129/IGGSL.Data.Observation,FALSE,site not responding
106838,NA,2020,10.12197/2020GA012,"Raw multi-frequency (with Gaussian low-pass filters of 0.5, 0.75, 1.0 or 1.5) receiver function waveform data",DOI,NA,NA,10.12197,ISTIC,https://doi.org/10.12197/2020GA012,FALSE,site not responding
93010,10.1038/s41551-019-0376-5,2019,10.6084/m9.figshare.7744004,Source data for figures,DOI,NA,NA,10.6084,figshare.ars,https://doi.org/10.6084/m9.figshare.7744004,FALSE,figshare page not found
83929,10.1002/2017JD026844,2017,10.5281/zenodo.821582.,simulation data,DOI,NA,NA,10.5281,cern.zenodo,https://doi.org/10.5281/zenodo.821582,TRUE,error in URL but now resolves
109524,10.1101/2021.06.15.448478,2021,https://figshare.com/projects/Tabula_Muris_Transcriptomic_characterization_of_20_organs_and_tissues_from_ Mus_musculus_at_single_cell_resolution/27733,Data,ERR,https://figshare.com,FALSE,NA,NA,https://figshare.com/projects/Tabula_Muris_Transcriptomic_characterization_of_20_organs_and_tissues_from_Mus_musculus_at_single_cell_resolution/27733,TRUE,error in URL but now resolves
105482,NA,2020,https://gitlab.com/sambrooke/avulsionflood- scour-paper/-/releases/v1.2,Data/Code,ERR,https://gitlab.com,FALSE,NA,NA,https://gitlab.com/sambrooke/avulsionflood-scour-paper/-/releases/v1.2,LOGIN,error in URL but now resolves
99276,10.1029/2019JE005974,2019,https://dataverse.harvard.edu/dataset.xhtml?persistentId=doi%3A10.7910%2FDVN%2FOPL QCL,Data,ERR,https://dataverse.harvard.edu,FALSE,10.791,gdcc.harvard-dv,https://dataverse.harvard.edu/dataset.xhtml?persistentId=doi%3A10.7910%2FDVN%2FOPL QCL,FALSE,Routes to make an account screen
111276,10.1126/science.abl4051,2021,https://pds-geosciences.wustl.edu/mro/mro-m-crism-3-rdr-targeted-v1/mrocr_2101/trdr/2007/2007_029/hrl000040ff/hrl000040ff_07_if183l_trr3.img,Data,IMG,https://pds-geosciences.wustl.edu,FALSE,NA,NA,https://pds-geosciences.wustl.edu/mro/mro-m-crism-3-rdr-targeted-v1/mrocr_2101/trdr/2007/2007_029/hrl000040ff/hrl000040ff_07_if183l_trr3.img,TRUE,
111607,10.1016/j.rse.2021.112565,2021,http://reef.atmos.colostate.edu/psomkuti/GeoCarbSIF/GeoCarbSIF_readme.txt,Data,TXT,http://reef.atmos.colostate.edu,FALSE,NA,NA,http://reef.atmos.colostate.edu/psomkuti/GeoCarbSIF/GeoCarbSIF_readme.txt,TRUE,
110848,10.1073/pnas.2106042118,2021,http://storage.googleapis.com/gresearch/metal-oxide-spectroscopy/README.txt,Data,TXT,http://storage.googleapis.com,FALSE,NA,NA,http://storage.googleapis.com/gresearch/metal-oxide-spectroscopy/README.txt,TRUE,
112933,10.3847/1538-4365/ac2ee2,2022,https://konkoly.hu/staff/lmolnar/tess_rrl_firstlight_all_lcs.txt,Light curve data,TXT,https://konkoly.hu,FALSE,NA,NA,https://konkoly.hu/staff/lmolnar/tess_rrl_firstlight_all_lcs.txt,TRUE,
115997,10.1002/jsp2.1217,2022,https://onlinelibrary.wiley.com/action/downloadSupplement?doi=10.1002%2Fjsp2.1217&file=jsp21217-sup-0001-supinfo.doc,Data,DOC,https://onlinelibrary.wiley.com,FALSE,10.1002,Wiley,https://onlinelibrary.wiley.com/action/downloadSupplement?doi=10.1002%2Fjsp2.1217&file=jsp21217-sup-0001-supinfo.doc,TRUE,
114815,10.1016/j.chemosphere.2022.134987,2022,https://ars.els-cdn.com/content/image/1-s2.0-S0045653522014801-mmc1.doc,Supplementary Data,DOC,https://ars.els-cdn.com,FALSE,NA,NA,https://ars.els-cdn.com/content/image/1-s2.0-S0045653522014801-mmc1.doc,TRUE,
115863,10.1016/j.scitotenv.2022.157581,2022,https://ars.els-cdn.com/content/image/1-s2.0-S0048969722046794-mmc1.docx,Supplementary Data,DOCX,https://ars.els-cdn.com,FALSE,NA,NA,https://ars.els-cdn.com/content/image/1-s2.0-S0048969722046794-mmc1.docx,TRUE,
115017,10.1016/j.jinorgbio.2022.111886,2022,https://ars.els-cdn.com/content/image/1-s2.0-S0162013422001751-mmc1.docx,Supplementary Data,DOCX,https://ars.els-cdn.com,FALSE,NA,NA,https://ars.els-cdn.com/content/image/1-s2.0-S0162013422001751-mmc1.docx,TRUE,
86225,10.1098/rspb.2015.2893,2016,http://rspb.royalsocietypublishing.org/highwire/filestream/69959/field_highwire_adjunct_files/0/rspb20152893supp1.docx,Data Supplement,DOCX,http://rspb.royalsocietypublishing.org,FALSE,NA,NA,http://rspb.royalsocietypublishing.org/highwire/filestream/69959/field_highwire_adjunct_files/0/rspb20152893supp1.docx,FALSE,
83453,10.1016/j.polymer.2017.11.055,2018,https://ars.els-cdn.com/content/image/1-s2.0-S0032386117311254-mmc1.docx,Supplementary Data,DOCX,https://ars.els-cdn.com,FALSE,NA,NA,https://ars.els-cdn.com/content/image/1-s2.0-S0032386117311254-mmc1.docx,TRUE,
59910,10.1016/j.jeurceramsoc.2015.05.012,2015,http://www.sciencedirect.com/science/MiamiMultiMediaURL/1-s2.0-S0955221915002289/1-s2.0-S0955221915002289-mmc1.docx/271630/html/S0955221915002289/62c193add732cafb172ecb3984b64dee/mmc1.docx,Supplementary Data,DOCX,http://www.sciencedirect.com,FALSE,NA,NA,http://www.sciencedirect.com/science/MiamiMultiMediaURL/1-s2.0-S0955221915002289/1-s2.0-S0955221915002289-mmc1.docx/271630/html/S0955221915002289/62c193add732cafb172ecb3984b64dee/mmc1.docx,FALSE,
114950,10.1016/j.rse.2022.113087,2022,https://ars.els-cdn.com/content/image/1-s2.0-S0034425722002012-mmc1.docx,Supplementary data,DOCX,https://ars.els-cdn.com,FALSE,NA,NA,https://ars.els-cdn.com/content/image/1-s2.0-S0034425722002012-mmc1.docx,TRUE,
114883,10.1016/j.neuropharm.2022.109140,2022,https://ars.els-cdn.com/content/image/1-s2.0-S002839082200199X-mmc1.docx,Supplementary data,DOCX,https://ars.els-cdn.com,FALSE,NA,NA,https://ars.els-cdn.com/content/image/1-s2.0-S002839082200199X-mmc1.docx,TRUE,
114745,10.1016/j.atmosenv.2021.118824,2022,https://ars.els-cdn.com/content/image/1-s2.0-S1352231021006464-mmc1.docx,Supplementary data,DOCX,https://ars.els-cdn.com,FALSE,NA,NA,https://ars.els-cdn.com/content/image/1-s2.0-S1352231021006464-mmc1.docx,TRUE,
114743,10.1016/j.ijms.2022.116848,2022,https://ars.els-cdn.com/content/image/1-s2.0-S1387380622000537-mmc1.docx,Supplementary data,DOCX,https://ars.els-cdn.com,FALSE,NA,NA,https://ars.els-cdn.com/content/image/1-s2.0-S1387380622000537-mmc1.docx,TRUE,
115024,10.1029/2021gc010196,2022,https://agupubs.onlinelibrary.wiley.com/action/downloadSupplement?doi=10.1029%2F2021GC010196&file=2021GC010196-sup-0002-Data+Set+SI-S01.xlsx,Data Set S1,XLSX,https://agupubs.onlinelibrary.wiley.com,FALSE,10.1029,American Geophysical Union (AGU),https://agupubs.onlinelibrary.wiley.com/action/downloadSupplement?doi=10.1029%2F2021GC010196&file=2021GC010196-sup-0002-Data+Set+SI-S01.xlsx,TRUE,
115024,10.1029/2021gc010196,2022,https://agupubs.onlinelibrary.wiley.com/action/downloadSupplement?doi=10.1029%2F2021GC010196&file=2021GC010196-sup-0003-Data+Set+SI-S02.xlsx,Data Set S2,XLSX,https://agupubs.onlinelibrary.wiley.com,FALSE,10.1029,American Geophysical Union (AGU),https://agupubs.onlinelibrary.wiley.com/action/downloadSupplement?doi=10.1029%2F2021GC010196&file=2021GC010196-sup-0003-Data+Set+SI-S02.xlsx,TRUE,
115024,10.1029/2021gc010196,2022,https://agupubs.onlinelibrary.wiley.com/action/downloadSupplement?doi=10.1029%2F2021GC010196&file=2021GC010196-sup-0004-Data+Set+SI-S03.xlsx,Data Set S3,XLSX,https://agupubs.onlinelibrary.wiley.com,FALSE,10.1029,American Geophysical Union (AGU),https://agupubs.onlinelibrary.wiley.com/action/downloadSupplement?doi=10.1029%2F2021GC010196&file=2021GC010196-sup-0004-Data+Set+SI-S03.xlsx,TRUE,
114752,10.1016/j.ejop.2021.125861,2022,https://ars.els-cdn.com/content/image/1-s2.0-S0932473921000961-mmc1.xlsx,Supplementary data 1,XLSX,https://ars.els-cdn.com,FALSE,NA,NA,https://ars.els-cdn.com/content/image/1-s2.0-S0932473921000961-mmc1.xlsx,TRUE,
114745,10.1016/j.atmosenv.2021.118824,2022,https://ars.els-cdn.com/content/image/1-s2.0-S1352231021006464-mmc2.xlsx,Supplementary data,XLSX,https://ars.els-cdn.com,FALSE,NA,NA,https://ars.els-cdn.com/content/image/1-s2.0-S1352231021006464-mmc2.xlsx,TRUE,
114729,10.1016/j.actamat.2022.117987,2022,https://ars.els-cdn.com/content/image/1-s2.0-S1359645422003688-mmc1.pdf,Supplementary Data S1. Supplementary Raw Research Data,PDF,https://ars.els-cdn.com,FALSE,NA,NA,https://ars.els-cdn.com/content/image/1-s2.0-S1359645422003688-mmc1.pdf,TRUE,Supplemental material
85039,10.1130/G39621.1,2018,http://www.geosociety.org/datarepository/2018/2018136.pdf,Data,PDF,http://www.geosociety.org,FALSE,NA,NA,http://www.geosociety.org/datarepository/2018/2018136.pdf,FALSE,Data repository moved to figshare
83811,10.1130/G39829.1,2018,http://www.geosociety.org/datarepository/2018/2018030.pdf,GSA Data Repository item 2017030,PDF,http://www.geosociety.org,FALSE,NA,NA,http://www.geosociety.org/datarepository/2018/2018030.pdf,FALSE,Data repository moved to figshare
82180,10.5194/acp-17-11135-2017,2017,https://www.atmos-chem-phys.net/17/11135/2017/acp-17-11135-2017-supplement.pdf,Supplemental Data,PDF,https://www.atmos-chem-phys.net,FALSE,NA,NA,https://www.atmos-chem-phys.net/17/11135/2017/acp-17-11135-2017-supplement.pdf,TRUE,Supplemental material
72399,10.1130/G22163.1,2006,https://www.geosociety.org/datarepository/2006/2006060.pdf,Data,PDF,https://www.geosociety.org,FALSE,NA,NA,https://www.geosociety.org/datarepository/2006/2006060.pdf,FALSE,Data repository moved to figshare
60531,10.1088/0957-4484/21/28/285607,2010,http://iopscience.iop.org/0957-4484/21/28/285607/media/nano352522suppdata.pdf,Supplementary Data,PDF,http://iopscience.iop.org,FALSE,NA,NA,http://iopscience.iop.org/0957-4484/21/28/285607/media/nano352522suppdata.pdf,FALSE,
60404,10.1088/1367-2630/17/11/113042,2015,http://iopscience.iop.org/1367-2630/17/11/113042/media/NJP113042_suppdata.pdf,Supplementary Data,PDF,http://iopscience.iop.org,FALSE,NA,NA,http://iopscience.iop.org/1367-2630/17/11/113042/media/NJP113042_suppdata.pdf,FALSE,
59501,10.1016/j.devcel.2006.08.009,2006,http://www.sciencedirect.com/science/MiamiMultiMediaURL/1-s2.0-S1534580706003558/1-s2.0-S1534580706003558-mmc1.pdf/272236/html/S1534580706003558/4e28f6f459abd843b23daa2cadef91a3/mmc1.pdf,Supplemental Data,PDF,http://www.sciencedirect.com,FALSE,NA,NA,http://www.sciencedirect.com/science/MiamiMultiMediaURL/1-s2.0-S1534580706003558/1-s2.0-S1534580706003558-mmc1.pdf/272236/html/S1534580706003558/4e28f6f459abd843b23daa2cadef91a3/mmc1.pdf,FALSE,
58276,10.1016/j.molcel.2009.11.017,2009,http://www.sciencedirect.com/science/MiamiMultiMediaURL/1-s2.0-S1097276509008582/1-s2.0-S1097276509008582-mmc1.pdf/272198/html/S1097276509008582/4d4694757513457a2d07a90d8e34eeea/mmc1.pdf,Supplemental Data,PDF,http://www.sciencedirect.com,FALSE,NA,NA,http://www.sciencedirect.com/science/MiamiMultiMediaURL/1-s2.0-S1097276509008582/1-s2.0-S1097276509008582-mmc1.pdf/272198/html/S1097276509008582/4d4694757513457a2d07a90d8e34eeea/mmc1.pdf,FALSE,
115502,NA,2022,http://quantumai.google/hardware/datasheet/weber.pdf,Weber device datasheet,PDF,http://quantumai.google,FALSE,NA,NA,http://quantumai.google/hardware/datasheet/weber.pdf,TRUE,
114740,10.1016/j.gca.2022.04.027,2022,https://ars.els-cdn.com/content/image/1-s2.0-S0016703722002101-mmc2.pdf,Supplementary data 2,PDF,https://ars.els-cdn.com,FALSE,NA,NA,https://ars.els-cdn.com/content/image/1-s2.0-S0016703722002101-mmc2.pdf,TRUE,Supplemental material
106942,10.1140/epjc/s10052-020-7917-7,2020,https://cms-docdb.cern.ch/cgi-bin/PublicDocDB/RetrieveFile?docid=6032&filename=CMSDataPolicyV1.2.pdf&version=2,"CMS data preservation, re-use and open access policy",PDF,https://cms-docdb.cern.ch,FALSE,NA,NA,https://cms-docdb.cern.ch/cgi-bin/PublicDocDB/RetrieveFile?docid=6032&filename=CMSDataPolicyV1.2.pdf&version=2,TRUE,connection not private warning
117947,10.2138/am-2022-8335,2022,http://www.minsocam.org/MSA/AmMin/TOC/2022/Nov2022_data/AM-22-118335.zip,Data,ZIP,http://www.minsocam.org,FALSE,NA,NA,http://www.minsocam.org/MSA/AmMin/TOC/2022/Nov2022_data/AM-22-118335.zip,TRUE,
115318,10.1126/science.abq0839,2022,https://www.science.org/doi/suppl/10.1126/science.abq0839/suppl_file/science.abq0839_data_s1_to_s3.zip,Supplementary Materials: Data S1-S3,ZIP,https://www.science.org,FALSE,10.1126,American Association for the Advancement of Science (AAAS),https://www.science.org/doi/suppl/10.1126/science.abq0839/suppl_file/science.abq0839_data_s1_to_s3.zip,TRUE,Supplemental material
114601,10.1126/science.abo2029,2022,https://www.science.org/doi/suppl/10.1126/science.abo2029/suppl_file/science.abo2029_sm.zip,Data S1,ZIP,https://www.science.org,FALSE,10.1126,American Association for the Advancement of Science (AAAS),https://www.science.org/doi/suppl/10.1126/science.abo2029/suppl_file/science.abo2029_sm.zip,TRUE,Supplemental material
99896,10.1038/s41561-019-0485-5,2019,https://github.com/xuejianust/NGsulfate/blob/master/NG.zip,Data,ZIP,https://github.com,FALSE,NA,NA,https://github.com/xuejianust/NGsulfate/blob/master/NG.zip,TRUE,
72621,10.1093/nar/gkw1148,2017,https://oup.silverchair-cdn.com/oup/backfile/Content_public/Journal/nar/45/1/10.1093_nar_gkw1148/3/gkw1148_Supp.zip,Supplementary Data,ZIP,https://oup.silverchair-cdn.com,FALSE,10.1093,Oxford University Press (OUP),https://oup.silverchair-cdn.com/oup/backfile/Content_public/Journal/nar/45/1/10.1093_nar_gkw1148/3/gkw1148_Supp.zip,FALSE,
68959,10.1038/nature18287,2016,http://www.nature.com/nature/journal/v535/n7612/extref/nature18287-s1.zip,Supplementary Data,ZIP,http://www.nature.com,FALSE,NA,NA,http://www.nature.com/nature/journal/v535/n7612/extref/nature18287-s1.zip,FALSE,
57144,10.2138/am-2015-5077CCBYNCND,2015,http://www.minsocam.org/msa/ammin/toc/2015/Apr2015_data/AM-15-45077.zip,Supplementary Data,ZIP,http://www.minsocam.org,FALSE,NA,NA,http://www.minsocam.org/msa/ammin/toc/2015/Apr2015_data/AM-15-45077.zip,TRUE,
50354,10.7554/eLife.03781,2014,http://elifesciences.org/highwire/filestream/16581/field_highwire_adjunct_files/0/elife03781_Supplemental_files.zip,Data Supplement,ZIP,http://elifesciences.org,FALSE,NA,NA,http://elifesciences.org/highwire/filestream/16581/field_highwire_adjunct_files/0/elife03781_Supplemental_files.zip,FALSE,
46094,10.1257/mic.6.2.1,2014,http://www.aeaweb.org/aej/mic/data/0602/2012-0113_data.zip,Data Supplement,ZIP,http://www.aeaweb.org,FALSE,NA,NA,http://www.aeaweb.org/aej/mic/data/0602/2012-0113_data.zip,TRUE,
43217,10.1016/j.combustflame.2013.11.022,2014,http://www.sciencedirect.com/science/MiamiMultiMediaURL/1-s2.0-S0010218013004355/1-s2.0-S0010218013004355-mmc1.zip/271463/FULL/S0010218013004355/fa5af918b9d987d9c94a4cafa0c62069/mmc1.zip,Supplementary Data,ZIP,http://www.sciencedirect.com,FALSE,NA,NA,http://www.sciencedirect.com/science/MiamiMultiMediaURL/1-s2.0-S0010218013004355/1-s2.0-S0010218013004355-mmc1.zip/271463/FULL/S0010218013004355/fa5af918b9d987d9c94a4cafa0c62069/mmc1.zip,FALSE,
43217,10.1016/j.combustflame.2013.11.022,2014,http://www.sciencedirect.com/science/MiamiMultiMediaURL/1-s2.0-S0010218013004355/1-s2.0-S0010218013004355-mmc2.zip/271463/FULL/S0010218013004355/fb29ba57509dc3c04c13049c45cb2658/mmc2.zip,Supplementary Data,ZIP,http://www.sciencedirect.com,FALSE,NA,NA,http://www.sciencedirect.com/science/MiamiMultiMediaURL/1-s2.0-S0010218013004355/1-s2.0-S0010218013004355-mmc2.zip/271463/FULL/S0010218013004355/fb29ba57509dc3c04c13049c45cb2658/mmc2.zip,FALSE,
43217,10.1016/j.combustflame.2013.11.022,2014,http://www.sciencedirect.com/science/MiamiMultiMediaURL/1-s2.0-S0010218013004355/1-s2.0-S0010218013004355-mmc3.zip/271463/FULL/S0010218013004355/1321009ab031b7b763e0060cb51ef6cf/mmc3.zip,Supplementary Data,ZIP,http://www.sciencedirect.com,FALSE,NA,NA,http://www.sciencedirect.com/science/MiamiMultiMediaURL/1-s2.0-S0010218013004355/1-s2.0-S0010218013004355-mmc3.zip/271463/FULL/S0010218013004355/1321009ab031b7b763e0060cb51ef6cf/mmc3.zip,FALSE,
42875,10.1257/mic.5.4.142,2013,http://www.aeaweb.org/aej/mic/data/2011-0116_data.zip,Supplemental material - Data set,ZIP,http://www.aeaweb.org,FALSE,NA,NA,http://www.aeaweb.org/aej/mic/data/2011-0116_data.zip,TRUE,
29134,10.1016/j.combustflame.2011.05.021,2012,http://www.sciencedirect.com/science/MiamiMultiMediaURL/1-s2.0-S0010218011001672/1-s2.0-S0010218011001672-mmc1.zip/271463/FULL/S0010218011001672/ebab7d2c094fc0f2d8f3c717eecbde7f/mmc1.zip,Supplementary Data,ZIP,http://www.sciencedirect.com,FALSE,NA,NA,http://www.sciencedirect.com/science/MiamiMultiMediaURL/1-s2.0-S0010218011001672/1-s2.0-S0010218011001672-mmc1.zip/271463/FULL/S0010218011001672/ebab7d2c094fc0f2d8f3c717eecbde7f/mmc1.zip,FALSE,
114752,10.1016/j.ejop.2021.125861,2022,https://ars.els-cdn.com/content/image/1-s2.0-S0932473921000961-mmc2.zip,Supplementary data 2,ZIP,https://ars.els-cdn.com,FALSE,NA,NA,https://ars.els-cdn.com/content/image/1-s2.0-S0932473921000961-mmc2.zip,TRUE,
113921,10.1016/j.molmet.2022.101522,2022,https://ars.els-cdn.com/content/image/1-s2.0-S2212877822000916-mmc1.zip,Supplementary data,ZIP,https://ars.els-cdn.com,FALSE,NA,NA,https://ars.els-cdn.com/content/image/1-s2.0-S2212877822000916-mmc1.zip,TRUE,
102324,10.1126/science.aay2790,2020,http://files.ipd.uw.edu/pub/de_novo_logic_2019/190522_native_ms_raw.zipR,Raw data from nMS experiments,ZIPR,http://files.ipd.uw.edu,FALSE,NA,NA,http://files.ipd.uw.edu/pub/de_novo_logic_2019/190522_native_ms_raw.zipR,FALSE,
108622,10.1038/s41587-021-00870-2,2021,https://github.com/bustools/getting_started/releases/download/getting_started/SRR8599150_S1_L001_R1_001.fastq.gz,Data,GZ,https://github.com,FALSE,NA,NA,https://github.com/bustools/getting_started/releases/download/getting_started/SRR8599150_S1_L001_R1_001.fastq.gz,TRUE,
108622,10.1038/s41587-021-00870-2,2021,https://github.com/bustools/getting_started/releases/download/getting_started/SRR8599150_S1_L001_R2_001.fastq.gz,Data,GZ,https://github.com,FALSE,NA,NA,https://github.com/bustools/getting_started/releases/download/getting_started/SRR8599150_S1_L001_R2_001.fastq.gz,TRUE,
116260,10.5194/acp-22-9617-2022,2022,https://www.leos.le.ac.uk/data/GHG/GOSAT/v9.0/CH4_GOS_OCPR_v9.0_final_nceo_2009_2021.tar.gz,GOSAT methane data in Fig. 2,GZ,https://www.leos.le.ac.uk,FALSE,NA,NA,https://www.leos.le.ac.uk/data/GHG/GOSAT/v9.0/CH4_GOS_OCPR_v9.0_final_nceo_2009_2021.tar.gz,TRUE,
101743,10.1038/s41586-021-03969-3,2021,https://caltech.box.com/shared/static/dzqt6ryytmjbgyai356s1z0phtnsbaol.gz,MERFISH data,GZ,https://caltech.box.com,FALSE,NA,NA,https://caltech.box.com/shared/static/dzqt6ryytmjbgyai356s1z0phtnsbaol.gz,TRUE,
110009,10.1038/s41588-021-00896-x,2021,http://mccarthy.well.ox.ac.uk/publications/2019/EggBirthWeight_NatureGenetics/Fetal_BW_European_meta.NG2019.txt.gz,Datasets,GZ,http://mccarthy.well.ox.ac.uk,FALSE,NA,NA,http://mccarthy.well.ox.ac.uk/publications/2019/EggBirthWeight_NatureGenetics/Fetal_BW_European_meta.NG2019.txt.gz,FALSE,
110009,10.1038/s41588-021-00896-x,2021,http://mccarthy.well.ox.ac.uk/publications/2019/EggBirthWeight_NatureGenetics/Maternal_BW_European_meta.NG2019.txt.gz,Datasets,GZ,http://mccarthy.well.ox.ac.uk,FALSE,NA,NA,http://mccarthy.well.ox.ac.uk/publications/2019/EggBirthWeight_NatureGenetics/Maternal_BW_European_meta.NG2019.txt.gz,FALSE,
110009,10.1038/s41588-021-00896-x,2021,https://egg-consortium.org/downloads/EGG-GWAS-BL.txt.gz,Datasets,GZ,https://egg-consortium.org,FALSE,NA,NA,https://egg-consortium.org/downloads/EGG-GWAS-BL.txt.gz,FALSE,connection not private warning
106266,10.1029/2020JC016814,2021,ftp://ssh.roammiz.com,Data - giddy 2020,FTP,NA,NA,NA,NA,ftp://ssh.roammiz.com,TRUE,
104501,10.1126/scisignal.abb6707,2020,ftp://massive.ucsd.edu/MSV000085641,Data,FTP,NA,NA,NA,NA,ftp://massive.ucsd.edu/MSV000085641,TRUE,
97594,10.1038/s41586-019-1673-6,2019,ftp://ftp.gps.caltech.edu/pub/avouac/Cascadia_SSE_Nature/Data_for_Nature/,Data,FTP,NA,NA,NA,NA,ftp://ftp.gps.caltech.edu/pub/avouac/Cascadia_SSE_Nature/Data_for_Nature/,TRUE,
90629,10.1029/2018gl079031,2018,ftp://fluo.gps.caltech.edu/data/tropomi,TROPOMI SIF Data,FTP,NA,NA,NA,NA,ftp://fluo.gps.caltech.edu/data/tropomi,TRUE,
69587,10.1002/2016GC006434,2016,ftp://ftp.earthbyte.org/Data_Collections/Zahirovic_etal_Sundaland_DynamicTopography.zip,Data,FTP,NA,NA,NA,NA,ftp://ftp.earthbyte.org/Data_Collections/Zahirovic_etal_Sundaland_DynamicTopography.zip,TRUE,
69587,10.1002/2016GC006434,2016,ftp://ftp.earthbyte.org/Data_Collections/Muller_etal_2016_AREPS/Muller_etal_AREPS_Supplement.zip,Data,FTP,NA,NA,NA,NA,ftp://ftp.earthbyte.org/Data_Collections/Muller_etal_2016_AREPS/Muller_etal_AREPS_Supplement.zip,TRUE,
65831,10.1016/j.epsl.2016.01.028,2016,ftp://ftp.ncdc.noaa.gov/pub/data/paleo/speleothem/pacific/gunung-mulu2016.txt,Data,FTP,NA,NA,NA,NA,ftp://ftp.ncdc.noaa.gov/pub/data/paleo/speleothem/pacific/gunung-mulu2016.txt,TRUE,
114329,10.1093/gji/ggab435,2022,ftp://geodesia.inegi.org.mx/,COLI and INEG data from 2001 to 2020,FTP,NA,NA,NA,NA,ftp://geodesia.inegi.org.mx/,FALSE,Login failed
114328,10.1093/gji/ggab436,2022,ftp://geodesia.inegi.org.mx/,COLI and INEG data from 2001 to 2020,FTP,NA,NA,NA,NA,ftp://geodesia.inegi.org.mx/,FALSE,Login failed
113975,10.1016/j.rse.2021.112858,2022,ftp://fluo.gps.caltech.edu/data/tropomi/ungridded/,TROPOMI SIF data,FTP,NA,NA,NA,NA,ftp://fluo.gps.caltech.edu/data/tropomi/ungridded/,TRUE,
113495,10.1029/2021ms002747,2022,ftp://fluo.gps.caltech.edu/data,TROPOMI and OCO-2 SIF data,FTP,NA,NA,NA,NA,ftp://fluo.gps.caltech.edu/data,TRUE,
113200,10.1038/s41467-022-28139-5,2022,ftp://ftp.uniprot.org/pub/databases/uniprot/previous_releases/release-2019_04/knowledgebase/,Uniprot database UP000005640_9606.fasta,FTP,NA,NA,NA,NA,ftp://ftp.uniprot.org/pub/databases/uniprot/previous_releases/release-2019_04/knowledgebase/,TRUE,
112331,10.1029/2021av000469,2021,ftp://fluo.gps.caltech.edu/data/tropomi/ungridded/SIF740nm,TROPOMI L2 SIF data,FTP,NA,NA,NA,NA,ftp://fluo.gps.caltech.edu/data/tropomi/ungridded/SIF740nm,TRUE,
110170,10.5194/acp-21-9545-2021,2021,ftp://aftp.cmdl.noaa.gov/data/trace_gases/ch4/flask/surface/,NOAA-ESRL Global Greenhouse Gas Reference Network data,FTP,NA,NA,NA,NA,ftp://aftp.cmdl.noaa.gov/data/trace_gases/ch4/flask/surface/,TRUE,
109468,10.1029/2020jg006136,2021,ftp://fluo.gps.caltech.edu/data/tropomi/,TROPOMI SIF data,FTP,NA,NA,NA,NA,ftp://fluo.gps.caltech.edu/data/tropomi/,TRUE,
108255,NA,2021,ftp://ftp.sron.nl/open-access-data-2/TROPOMI/tropomi/hdo/9_1,TROPOMI HDO data set,FTP,NA,NA,NA,NA,ftp://ftp.sron.nl/open-access-data-2/TROPOMI/tropomi/hdo/9_1,FALSE,
106838,NA,2020,ftp://159.226.119.161/data/NECsaids/RF2020,Waveforms of the NECsaids data,FTP,NA,NA,NA,NA,ftp://159.226.119.161/data/NECsaids/RF2020,FALSE,
106838,NA,2020,ftp://159.226.119.161/data/NECsaids/RF2020,"Raw multi-frequency (with Gaussian low-pass filters of 0.5, 0.75, 1.0 or 1.5) receiver function waveform data",FTP,NA,NA,NA,NA,ftp://159.226.119.161/data/NECsaids/RF2020,FALSE,
105752,10.1111/gcb.15373,2021,ftp://fluo.gps.caltech.edu/data/tropomi,TROPOMI SIF data,FTP,NA,NA,NA,NA,ftp://fluo.gps.caltech.edu/data/tropomi,TRUE,
105752,10.1111/gcb.15373,2021,ftp://ext-catdscecsm:catds2010@ftp.ifremer.fr/Land_products,SMOS-IC soil moisture data,FTP,NA,NA,NA,NA,ftp://ext-catdscecsm:catds2010@ftp.ifremer.fr/Land_products,TRUE,
105028,10.1029/2020gl087541,2020,ftp://fluo.gps.caltech.edu/data/tropomi,TROPOMI SIF data,FTP,NA,NA,NA,NA,ftp://fluo.gps.caltech.edu/data/tropomi,TRUE,
