Number,Link,Date,Year,DOI,DatasetInAUTHORS,DatasetWithArticle,HasDataLink,CurationError,DataLinkError,DataLinkErrorSI,DataLinkErrorMissing,SI,Note
1,https://authors.library.caltech.edu/records/xgyvs-pa065,2022-07-01,2022,https://doi.org/10.1038/s41558-022-01362-0,No,No,0,0,0,0,0,0,
2,https://authors.library.caltech.edu/records/n0jgn-59v87,2022-04-01,2022,https://doi.org/10.1257/aer.20210497,Yes,Yes,1,0,0,0,0,0,
3,https://authors.library.caltech.edu/records/7ekva-wvf86,2022-07-10,2022,https://doi.org/10.1017/jfm.2022.384,No,No,0,0,0,0,0,0,
4,https://authors.library.caltech.edu/records/8jxr7-e6124,2022-04-02,2022,https://doi.org/10.1073/pnas.2119523119,SI,SI,0,0,0,0,0,1,SI pdf file is saved in AUTHORS
5,https://authors.library.caltech.edu/records/ndecn-kyb44,2022-05-01,2022,https://doi.org/10.1103/physrevd.105.092007,SI,SI,0,0,0,0,0,1,SI pdf file is saved in AUTHORS
6,https://authors.library.caltech.edu/records/wppjm-qdm33,2022-02-01,2022,https://doi.org/10.1140/epjc/s10052-022-10035-3,No,No,0,0,0,0,0,0,
7,https://authors.library.caltech.edu/records/0d9ah-kn814,2022-03-17,2022,https://doi.org/10.22331/q-2022-03-17-668,No,No,0,0,0,0,0,0,
8,https://authors.library.caltech.edu/records/1m1ny-sz424,2022-02-01,2022,https://doi.org/10.1109/tmc.2020.3012935,No,SI,0,1,0,0,0,1,
9,https://authors.library.caltech.edu/records/gqza3-7mm59,2022-05-01,2022,https://doi.org/10.1287/opre.2021.2244,No,No,0,0,0,0,0,0,
10,https://authors.library.caltech.edu/records/45d0c-t2v50,2022-02-01,2022,https://doi.org/10.1093/mnrasl/slz007,SI,SI,0,0,0,0,0,1,SI pdf file is saved in AUTHORS
11,https://authors.library.caltech.edu/records/hygge-v9387,2022-01-01,2022,https://doi.org/10.1088/1361-6528/ac2b71,No,No,0,0,0,0,0,0,
12,https://authors.library.caltech.edu/records/q40ff-sn173,2022-02-01,2022,https://doi.org/10.1007/s10107-020-01564-4,No,No,0,0,0,0,0,0,
13,https://authors.library.caltech.edu/records/7t8r5-zp595,2022-04-27,2022,https://doi.org/10.3847/25c2cfeb.52087730,No,No,0,0,0,0,0,0,
14,https://authors.library.caltech.edu/records/cq695-mc662,2022-07-01,2022,https://doi.org/10.1017/S0305004121000475,No,No,0,0,0,0,0,0,
15,https://authors.library.caltech.edu/records/30c1b-mz061,2022-05-01,2022,https://doi.org/10.1007/JHEP05(2022)059,No,No,0,0,0,0,0,0,
16,https://authors.library.caltech.edu/records/trzhp-gtr17,2022-01-01,2022,https://doi.org/10.1103/PhysRevD.105.015001,No,No,0,0,0,0,0,0,
17,https://authors.library.caltech.edu/records/wwjp3-njv91,2022-08-01,2022,https://doi.org/10.1093/mnras/stac1631,SI,SI,0,0,0,0,0,1,SI pdf file is saved in AUTHORS
18,https://authors.library.caltech.edu/records/rwbe3-zvr11,2022-07-01,2022,https://doi.org/10.1103/physrevd.106.012004,No,No,0,0,0,0,0,0,
19,https://authors.library.caltech.edu/records/praxn-t4p84,2022-08-26,2022,https://doi.org/10.1126/science.abn1459,SI,SI,0,0,0,0,0,1,SI pdf file is saved in AUTHORS
20,https://authors.library.caltech.edu/records/c0h69-z2p59,2022-07-10,2022,https://doi.org/10.3847/2041-8213/ac7c75,No,No,0,0,0,0,0,0,
21,https://authors.library.caltech.edu/records/tgycp-tne74,2022-08-01,2022,https://doi.org/10.1093/mnras/stac1435,No,No,0,0,0,0,0,0,
22,https://authors.library.caltech.edu/records/e5fc0-5p218,2022-07-10,2022,https://doi.org/10.3847/1538-4357/ac7529,No,No,0,0,0,0,0,0,
23,https://authors.library.caltech.edu/records/668n9-2g617,2022-07-01,2022,https://doi.org/10.1093/mnras/stac964,No,No,0,0,0,0,0,0,
24,https://authors.library.caltech.edu/records/q3bhn-7bn74,2022-03-01,2022,https://doi.org/10.1093/bjps/axz002,No,No,0,0,0,0,0,0,
25,https://authors.library.caltech.edu/records/jxtrv-r4v82,2022-02-01,2022,https://doi.org/10.3847/1538-4357/ac2b33,No,No,0,0,0,0,0,0,
26,https://authors.library.caltech.edu/records/zmhrn-53496,2022-05-25,2022,https://doi.org/10.1103/PhysRevB.105.195124,No,No,0,0,0,0,0,0,
27,https://authors.library.caltech.edu/records/0qj6g-79g34,2022-01-14,2022,https://doi.org/10.1021/acsenergylett.1c02608,No,No,0,0,0,0,0,0,
28,https://authors.library.caltech.edu/records/53gch-pw623,2022-04-06,2022,https://doi.org/10.1021/acs.accounts.1c00789,SI,SI,0,0,0,0,0,1,SI pdf file is saved in AUTHORS
29,https://authors.library.caltech.edu/records/4a7y9-nzb92,2022-05-18,2022,https://doi.org/10.1016/j.cels.2022.03.001,link + SI,link + SI,1,0,0,0,0,1,
30,https://authors.library.caltech.edu/records/hdrjs-hpz45,2022-08-15,2022,https://doi.org/10.1103/physrevd.106.045016,No,No,0,0,0,0,0,0,
31,https://authors.library.caltech.edu/records/fp442-8xs43,2022-03-01,2022,https://doi.org/10.3847/1538-4357/ac4e8a,No,No,0,0,0,0,0,0,
32,https://authors.library.caltech.edu/records/b8pn0-avr86,2022-04-01,2022,https://doi.org/10.3847/1538-3881/ac5680,No,No,0,0,0,0,0,0,
33,https://authors.library.caltech.edu/records/w6g58-fre67,2022-02-10,2022,https://doi.org/10.3847/1538-4357/ac3ed6,No,No,0,0,0,0,0,0,
34,https://authors.library.caltech.edu/records/qa9bt-3yx02,2022-05-14,2022,https://doi.org/10.1016/j.yjsbx.2022.100068,No,No,0,0,0,0,0,0,
35,https://authors.library.caltech.edu/records/a80y9-vv085,2022-07-01,2022,https://doi.org/10.1089/end.2021.0714,No,No,0,0,0,0,0,0,
36,https://authors.library.caltech.edu/records/sf8ht-70h78,2022-07-01,2022,https://doi.org/10.1007/s11340-022-00861-7,No,No,0,0,0,0,0,0,
37,https://authors.library.caltech.edu/records/7dwer-41286,2022-06-15,2022,https://doi.org/10.1016/j.jcp.2021.110845,No,No,0,0,0,0,0,0,
38,https://authors.library.caltech.edu/records/tz3m1-1c941,2022-08-17,2022,https://doi.org/10.1021/jacs.2c06154,SI,SI,0,0,0,0,0,1,SI pdf file is saved in AUTHORS
39,https://authors.library.caltech.edu/records/aj0e9-00c08,2022-07-20,2022,https://doi.org/10.1016/j.neuron.2022.05.003,SI,SI,0,0,0,0,0,1,SI pdf file is saved in AUTHORS
40,https://authors.library.caltech.edu/records/nyrjz-v7a59,2022-08-01,2022,https://doi.org/10.1002/anie.202203225,link/SI,SI,0,1,1,1,0,1,Captured SI link and saved file are the version of the same content - SI link still resolves
41,https://authors.library.caltech.edu/records/ptz3x-hda87,2022-07-14,2022,https://doi.org/10.1021/acsmedchemlett.1c00562,SI,SI,0,0,0,0,0,1,SI pdf file is saved in AUTHORS
42,https://authors.library.caltech.edu/records/90pjx-kpm11,2022-07-25,2022,https://doi.org/10.1016/j.devcel.2022.05.017,SI,SI,0,0,0,0,0,1,
43,https://authors.library.caltech.edu/records/4hyzx-m8z96,2022-08-17,2022,https://doi.org/10.1016/j.cels.2022.06.005,link + SI,link + SI,1,0,0,0,0,1,"Both shared data and SI, both recorded"
44,https://authors.library.caltech.edu/records/2d6yn-y2n18,2022-04-25,2022,https://doi.org/10.1002/adfm.202111022,No,No,0,0,0,0,0,0,
45,https://authors.library.caltech.edu/records/djng3-vt411,2022-05-01,2022,https://doi.org/10.1038/s41551-021-00735-8,link + SI,link + SI,1,0,0,0,0,1,"Both shared data and SI, both recorded"
46,https://authors.library.caltech.edu/records/bza61-q9r11,2022-06-14,2022,https://doi.org/10.1128/aem.02109-21,link + SI,link + SI,1,0,0,0,0,1,"Both shared data and SI, both recorded"
47,https://authors.library.caltech.edu/records/r8qh8-y4065,2022-02-01,2022,https://doi.org/10.1128/JCM.01785-21,link + SI,link + SI,1,0,0,0,0,1,"Both shared data and SI, both recorded"
48,https://authors.library.caltech.edu/records/m3enn-6jr81,2022-08-15,2022,https://doi.org/10.1126/sciadv.abp8155,SI,link + SI,1,1,1,0,1,1,Did not record links to data (generic links with accession numbers)
49,https://authors.library.caltech.edu/records/j6qbg-4x283,2022-01-28,2022,https://doi.org/10.7554/eLife.74464,link + SI,link + SI,1,0,0,0,0,1,"Both shared data and SI, both recorded"
50,https://authors.library.caltech.edu/records/snxfg-0s413,2022-02-24,2022,https://doi.org/10.17912/micropub.biology.000516,No,No,0,0,0,0,0,0,
51,https://authors.library.caltech.edu/records/fca3f-yfd90,2021-02-25,2021,https://doi.org/10.1017/jfm.2020.922,SI,SI,0,0,0,0,0,1,
52,https://authors.library.caltech.edu/records/def7e-1r693,2021-01-10,2021,https://doi.org/10.1017/jfm.2020.762,No,No,0,0,0,0,0,0,
53,https://authors.library.caltech.edu/records/e87y9-8qy42,2021-11-01,2021,https://doi.org/10.1242/dev.199836,SI,SI,0,0,0,0,0,1,
54,https://authors.library.caltech.edu/records/j5cjq-58676,2021-08-24,2021,https://doi.org/10.1038/s41467-021-25266-3,SI,SI,0,0,0,0,0,1,
55,https://authors.library.caltech.edu/records/bphcy-m7w61,2021-01-28,2021,https://doi.org/10.1021/acs.jpcc.0c09782,No,No,0,0,0,0,0,0,
56,https://authors.library.caltech.edu/records/ptap9-z9468,2021-05-13,2021,https://doi.org/10.1021/acs.jpclett.1c01013,No,SI,0,1,0,0,0,1,
57,https://authors.library.caltech.edu/records/82yhx-qt426,2021-06-23,2021,https://doi.org/10.1021/acs.nanolett.1c00603,SI,SI,0,0,0,0,0,1,
58,https://authors.library.caltech.edu/records/hn64b-vvr54,2021-09-22,2021,https://doi.org/10.1021/acs.nanolett.1c02237,SI,SI,0,0,0,0,0,1,
59,https://authors.library.caltech.edu/records/k0gzp-07a70,2021-04-10,2021,https://doi.org/10.1017/jfm.2020.1078,No,No,0,0,0,0,0,0,
60,https://authors.library.caltech.edu/records/a51p6-9w474,2021-04-08,2021,https://doi.org/10.1021/acs.jpclett.1c00600,SI,SI,0,0,0,0,0,1,
61,https://authors.library.caltech.edu/records/66c6r-hv951,2021-07-01,2021,https://doi.org/10.1007/s00220-021-04133-8,No,No,0,0,0,0,0,0,
62,https://authors.library.caltech.edu/records/96ffm-beb64,2021-12-10,2021,https://doi.org/10.1088/1751-8121/ac333c,No,No,0,0,0,0,0,0,
63,https://authors.library.caltech.edu/records/sqbep-vc039,2021-08-01,2021,https://doi.org/10.1007/s00493-020-4202-1,No,No,0,0,0,0,0,0,
64,https://authors.library.caltech.edu/records/wzr23-yxf40,2021-04-01,2021,https://doi.org/10.1111/1755-6724.14379,No,No,0,0,0,0,0,0,
65,https://authors.library.caltech.edu/records/cmpg4-0zh09,2021-06-15,2021,https://doi.org/10.1002/nme.6639,No,No,0,0,0,0,0,0,
66,https://authors.library.caltech.edu/records/tbg1f-ft873,2021-05-01,2021,https://doi.org/10.1007/JHEP05(2021)084,No,No,0,0,0,0,0,0,
67,https://authors.library.caltech.edu/records/vesja-20712,2021-04-30,2021,https://doi.org/10.21468/SciPostPhys.10.4.097,No,No,0,0,0,0,0,0,
68,https://authors.library.caltech.edu/records/mvsck-2dn29,2021-06-15,2021,https://doi.org/10.1103/PhysRevD.103.126018,No,No,0,0,0,0,0,0,
69,https://authors.library.caltech.edu/records/gvetr-77260,2021-08-23,2021,https://doi.org/10.21468/SciPostPhys.11.2.036,No,No,0,0,0,0,0,0,
70,https://authors.library.caltech.edu/records/bymyv-5ec25,2021-03-25,2021,https://doi.org/10.1088/1361-6463/abd1a4,No,No,0,0,0,0,0,0,
71,https://authors.library.caltech.edu/records/njp15-tfb13,2021-05-01,2021,https://doi.org/10.1051/0004-6361/201936308,No,No,0,0,0,0,0,0,
72,https://authors.library.caltech.edu/records/1nf15-was98,2021-03-01,2021,https://doi.org/10.1016/j.cattod.2019.07.061,No,No,0,0,0,0,0,0,
73,https://authors.library.caltech.edu/records/6anjj-by171,2021-03-01,2021,https://doi.org/10.1016/j.icarus.2019.113572,No,No,0,0,0,0,0,0,
74,https://authors.library.caltech.edu/records/38h8h-egc30,2021-10-01,2021,https://doi.org/10.1109/TAC.2020.3038402,Code,Code,0,0,0,0,0,0,
75,https://authors.library.caltech.edu/records/z2hr6-v5j83,2021-02-12,2021,https://doi.org/10.1088/1751-8121/abd69e,No,No,0,0,0,0,0,0,
76,https://authors.library.caltech.edu/records/typfz-7mt76,2021-10-15,2021,https://doi.org/10.1103/physrevlett.127.162501,No,No,0,0,0,0,0,0,
77,https://authors.library.caltech.edu/records/9p103-jwa26,2021-04-29,2021,https://doi.org/10.21468/scipostphys.10.4.094,No,No,0,0,0,0,0,0,
78,https://authors.library.caltech.edu/records/fbdr7-2cg41,2021-06-01,2021,https://doi.org/10.1038/s42254-021-00319-0,No,No,0,0,0,0,0,0,
79,https://authors.library.caltech.edu/records/bmxdz-db910,2021-12-15,2021,https://doi.org/10.1103/physrevb.104.235109,No,No,0,0,0,0,0,0,
80,https://authors.library.caltech.edu/records/ssw4h-d2656,2021-05-01,2021,https://doi.org/10.1007/JHEP05(2021)161,No,No,0,0,0,0,0,0,
81,https://authors.library.caltech.edu/records/487km-cbr56,2021-03-01,2021,https://doi.org/10.1785/0220200324,No,Yes,1,1,1,0,1,0,
82,https://authors.library.caltech.edu/records/9esfy-dz277,2021-12-30,2021,https://doi.org/10.1021/acs.jpcc.1c08829,SI,SI,0,0,0,0,0,1,
83,https://authors.library.caltech.edu/records/27b63-hqe19,2021-01-15,2021,https://doi.org/10.1103/PhysRevD.103.024030,SI,SI,0,0,0,0,0,1,
84,https://authors.library.caltech.edu/records/rswbb-xm024,2021-03-01,2021,https://doi.org/10.3847/2041-8213/abe706,No,SI,0,1,0,0,0,1,
85,https://authors.library.caltech.edu/records/03ty5-hm542,2021-07-01,2021,https://doi.org/10.3847/1538-3881/abdbb2,No,No,0,0,0,0,0,0,
86,https://authors.library.caltech.edu/records/06yy2-h9j42,2021-10-01,2021,https://doi.org/10.3847/1538-3881/ac1349,No,No,0,0,0,0,0,0,
87,https://authors.library.caltech.edu/records/wymfc-hr767,2021-02-01,2021,https://doi.org/10.3847/1538-3881/abd0ef,Code,Code,0,0,0,0,0,0,
88,https://authors.library.caltech.edu/records/05kjw-6t056,2021-07-01,2021,https://doi.org/10.1038/s41551-021-00754-5,link + SI,link + SI,1,0,0,0,0,1,
89,https://authors.library.caltech.edu/records/bz41t-b5w45,2021-08-05,2021,https://doi.org/10.1017/qrd.2021.7,SI,SI,0,0,0,0,0,1,
90,https://authors.library.caltech.edu/records/wwapa-pxt79,2021-09-13,2021,https://doi.org/10.21468/scipostphys.11.3.056,No,No,0,0,0,0,0,0,
91,https://authors.library.caltech.edu/records/tnxbp-1b763,2021-05-11,2021,https://doi.org/10.1002/celc.202100425,No,No,0,0,0,0,0,0,
92,https://authors.library.caltech.edu/records/k1wex-qd335,2021-10-01,2021,https://doi.org/10.1002/lno.11901,SI,SI,0,0,0,0,0,1,
93,https://authors.library.caltech.edu/records/5z1b8-hjd91,2021-06-01,2021,https://doi.org/10.1016/j.ydbio.2020.12.005,No,No,0,0,0,0,0,0,
94,https://authors.library.caltech.edu/records/nr1ny-74q16,2021-01-19,2021,https://doi.org/10.1016/j.celrep.2020.108655,SI,SI,0,0,0,0,0,1,STAR method table
95,https://authors.library.caltech.edu/records/nmyqc-63778,2021-06-01,2021,https://doi.org/10.1016/j.ydbio.2020.12.010,No,No,0,0,0,0,0,0,
96,https://authors.library.caltech.edu/records/zkpyq-38e39,2021-02-08,2021,https://doi.org/10.1016/j.devcel.2020.12.004,SI,link + SI,1,1,1,0,1,1,STAR method table
97,https://authors.library.caltech.edu/records/ywykh-eje78,2021-10-01,2021,https://doi.org/10.1002/hep.32187,No,No,0,0,0,0,0,0,
98,https://authors.library.caltech.edu/records/re22y-aq279,2021-07-28,2021,https://doi.org/10.3390/ijms22158079,SI,listed + SI,0,1,0,0,0,1,Listed accession numbers but no links
99,https://authors.library.caltech.edu/records/a8drt-w9233,2021-07-20,2021,https://doi.org/10.1016/j.celrep.2021.109399,SI,link + SI,1,1,1,0,1,1,STAR method table
100,https://authors.library.caltech.edu/records/3g66e-qr348,2021-11-01,2021,https://doi.org/10.1128/mBio.02716-21,SI,SI,0,0,0,0,0,1,
101,https://authors.library.caltech.edu/records/4be0p-bxj61,2020-09-15,2020,https://doi.org/10.7554/eLife.59726,link + SI,link + SI,1,0,0,0,0,1,
102,https://authors.library.caltech.edu/records/pn7gk-s7w54,2020-03-01,2020,https://doi.org/10.1093/icb/icaa006,No,No,0,0,0,0,0,0,
103,https://authors.library.caltech.edu/records/2x0nw-vwd56,2020-08-06,2020,https://doi.org/10.1128/mra.00695-20,No,Yes,1,1,1,0,1,0,
104,https://authors.library.caltech.edu/records/bkjds-vsh60,2020-11-05,2020,https://doi.org/10.21769/bioprotoc.3815,No,No,0,0,0,0,0,0,
105,https://authors.library.caltech.edu/records/vz0kv-ekg37,2020-03-01,2020,https://doi.org/10.1093/icb/icaa007,No,No,0,0,0,0,0,0,
106,https://authors.library.caltech.edu/records/1b2js-sf022,2020-02-01,2020,https://doi.org/10.1242/jeb.221119,No,No,0,0,0,0,0,0,
107,https://authors.library.caltech.edu/records/vatm0-d4991,2020-11-18,2020,https://doi.org/10.1038/s42003-020-01385-3,link + SI,link + SI,1,0,0,0,0,1,
108,https://authors.library.caltech.edu/records/t6xph-rw787,2020-03-17,2020,https://doi.org/10.1093/database/baaa006,SI,SI,0,0,0,0,0,1,
109,https://authors.library.caltech.edu/records/0q6x4-0y394,2020-07-02,2020,https://doi.org/10.1021/acscatal.0c01888,SI,SI,0,0,0,0,0,1,
110,https://authors.library.caltech.edu/records/p1gmm-zzg91,2020-11-25,2020,https://doi.org/10.1021/jacs.0c07828,SI,SI,0,0,0,0,0,1,
111,https://authors.library.caltech.edu/records/qcft9-a4780,2020-02-01,2020,https://doi.org/10.1038/s41563-019-0531-0,SI,SI,0,0,0,0,0,1,
112,https://authors.library.caltech.edu/records/v7tqh-4ec92,2020-11-05,2020,https://doi.org/10.3842/SIGMA.2020.111,No,No,0,0,0,0,0,0,
113,https://authors.library.caltech.edu/records/67rja-3z575,2020-07-01,2020,https://doi.org/10.1103/PhysRevResearch.2.033042,No,No,0,0,0,0,0,0,
114,https://authors.library.caltech.edu/records/q1sw2-g2250,2020-10-01,2020,https://doi.org/10.1063/5.0018599,SI,SI,0,0,0,0,0,1,
115,https://authors.library.caltech.edu/records/fxz11-vsv13,2020-07-01,2020,https://doi.org/10.1088/1361-6439/ab8bc9,No,No,0,0,0,0,0,0,
116,https://authors.library.caltech.edu/records/x2w2n-3x696,2020-05-14,2020,https://doi.org/10.1021/acs.jpca.0c01190,link/SI,SI,0,1,1,1,0,1,Captured SI links and saved files are the version of the same content - SI links still resolves
117,https://authors.library.caltech.edu/records/q0r69-phf18,2020-04-01,2020,https://doi.org/10.1103/physrevfluids.5.043401,No,No,0,0,0,0,0,0,
118,https://authors.library.caltech.edu/records/d23xp-92h88,2020-06-01,2020,https://doi.org/10.1016/j.jebo.2016.12.011,No,No,0,0,0,0,0,0,
119,https://authors.library.caltech.edu/records/dcp0r-yy108,2020-06-01,2020,https://doi.org/10.1088/1538-3873/ab828b,No,No,0,0,0,0,0,0,
120,https://authors.library.caltech.edu/records/sazsr-d7z34,2020-01-15,2020,https://doi.org/10.1103/physrevb.101.045202,SI,SI,0,0,0,0,0,1,
121,https://authors.library.caltech.edu/records/1164a-3vx87,2020-02-01,2020,https://doi.org/10.1007/s00205-019-01433-1,No,No,0,0,0,0,0,0,
122,https://authors.library.caltech.edu/records/y525p-0kd34,2020-10-10,2020,https://doi.org/10.3847/1538-4357/abb247,No,No,0,0,0,0,0,0,
123,https://authors.library.caltech.edu/records/q790d-cac17,2020-08-01,2020,https://doi.org/10.1007/s10208-019-09426-y,No,No,0,0,0,0,0,0,
124,https://authors.library.caltech.edu/records/a77zh-5p513,2020-11-01,2020,https://doi.org/10.1109/TCST.2019.2925583,No,No,0,0,0,0,0,0,
125,https://authors.library.caltech.edu/records/hbkkk-d8404,2020-11-01,2020,https://doi.org/10.1112/plms.12371,No,No,0,0,0,0,0,0,
126,https://authors.library.caltech.edu/records/n7nss-psj53,2020-02-12,2020,https://doi.org/10.1137/19M1261766,No,No,0,0,0,0,0,0,
127,https://authors.library.caltech.edu/records/a8488-hf507,2020-02-01,2020,https://doi.org/10.2514/1.J057889,No,No,0,0,0,0,0,0,
128,https://authors.library.caltech.edu/records/f781n-d0219,2020-12-01,2020,https://doi.org/10.1002/rsa.20959,No,No,0,0,0,0,0,0,
129,https://authors.library.caltech.edu/records/rmfmh-ryt84,2020-03-01,2020,https://doi.org/10.1111/nyas.14213,No,No,0,0,0,0,0,0,
130,https://authors.library.caltech.edu/records/3swhm-sxh24,2020-03-01,2020,https://doi.org/10.1002/dvdy.99,No,No,0,0,0,0,0,0,
131,https://authors.library.caltech.edu/records/7vxkb-bm685,2020-07-10,2020,https://doi.org/10.3847/1538-4357/ab9814,No,No,0,0,0,0,0,0,
132,https://authors.library.caltech.edu/records/gp2q7-cec47,2020-04-01,2020,https://doi.org/10.1051/0004-6361/201936866,No,No,0,0,0,0,0,0,
133,https://authors.library.caltech.edu/records/xggxd-wyy98,2020-03-01,2020,https://doi.org/10.1093/mnras/stz3321,No,No,0,0,0,0,0,0,
134,https://authors.library.caltech.edu/records/ezqwd-dg878,2020-03-01,2020,https://doi.org/10.1088/1742-5468/ab74cc,No,No,0,0,0,0,0,0,
135,https://authors.library.caltech.edu/records/amrr9-0ym71,2020-01-01,2020,https://doi.org/10.3847/1538-4357/ab58d2,No,No,0,0,0,0,0,0,
136,https://authors.library.caltech.edu/records/308hs-tem38,2020-03-01,2020,https://doi.org/10.1103/PhysRevC.101.035503,No,No,0,0,0,0,0,0,
137,https://authors.library.caltech.edu/records/jbayp-syz78,2020-04-01,2020,https://doi.org/10.1051/0004-6361/201936907,No,No,0,0,0,0,0,0,
138,https://authors.library.caltech.edu/records/7pw3y-cfe48,2020-02-29,2020,https://doi.org/10.1142/s0217751x20300033,No,No,0,0,0,0,0,0,
139,https://authors.library.caltech.edu/records/ack3e-vgk06,2020-09-15,2020,https://doi.org/10.1103/PhysRevB.102.115103,No,No,0,0,0,0,0,0,
140,https://authors.library.caltech.edu/records/mam7d-hec16,2020-06-01,2020,https://doi.org/10.1007/JHEP06(2020)144,SI,SI,0,0,0,0,0,1,
141,https://authors.library.caltech.edu/records/pjdxj-yyy82,2020-05-01,2020,https://doi.org/10.1007/JHEP05(2020)100,No,No,0,0,0,0,0,0,
142,https://authors.library.caltech.edu/records/hggmv-ty549,2020-12-15,2020,https://doi.org/10.1103/physrevd.102.125009,No,No,0,0,0,0,0,0,
143,https://authors.library.caltech.edu/records/ffn0y-1eg76,2020-07-15,2020,https://doi.org/10.1103/PhysRevD.102.024033,No,No,0,0,0,0,0,0,
144,https://authors.library.caltech.edu/records/vc3gp-ycy49,2020-04-20,2020,https://doi.org/10.3847/1538-4357/ab7b67,No,No,0,0,0,0,0,0,
145,https://authors.library.caltech.edu/records/vf48m-26m86,2020-10-15,2020,https://doi.org/10.1021/acs.jpclett.0c02621,SI,SI,0,0,0,0,0,1,
146,https://authors.library.caltech.edu/records/p88c1-pf734,2020-06-19,2020,https://doi.org/10.1103/physrevlett.124.246801,SI,SI,0,0,0,0,0,1,
147,https://authors.library.caltech.edu/records/qbpdr-2yy93,2020-12-08,2020,https://doi.org/10.1021/acs.chemmater.0c02701,SI,SI,0,0,0,0,0,1,
148,https://authors.library.caltech.edu/records/ndnxx-y4d47,2020-11-06,2020,https://doi.org/10.1103/PhysRevLett.125.191601,SI,SI,0,0,0,0,0,1,
149,https://authors.library.caltech.edu/records/t3ysb-6rt54,2020-04-20,2020,https://doi.org/10.3847/2041-8213/ab8563,No,No,0,0,0,0,0,0,
150,https://authors.library.caltech.edu/records/7jq2s-ke039,2020-02-01,2020,https://doi.org/10.3847/1538-3881/ab6223,No,No,0,0,0,0,0,0,
151,https://authors.library.caltech.edu/records/ty2k8-8tx29,2019-03-01,2019,https://doi.org/10.1016/j.icarus.2017.09.020,No,No,0,0,0,0,0,0,
152,https://authors.library.caltech.edu/records/a29h5-9c451,2019-03-01,2019,https://doi.org/10.1016/j.icarus.2017.10.014,SI,SI,0,0,0,0,0,1,
153,https://authors.library.caltech.edu/records/89ta9-3f917,2019-01-01,2019,https://doi.org/10.1103/PhysRevB.99.024203,No,No,0,0,0,0,0,0,
154,https://authors.library.caltech.edu/records/m9mv9-cbt13,2019-04-04,2019,https://doi.org/10.1038/s41467-019-09594-z,SI,SI,0,0,0,0,0,1,
155,https://authors.library.caltech.edu/records/fb0ha-j1218,2019-09-09,2019,https://doi.org/10.1038/s41467-019-11647-2,link/SI,SI,0,1,1,1,0,1,Captured SI link and saved file are the version of the same content - SI link still resolves
156,https://authors.library.caltech.edu/records/g06rg-1z769,2019-07-29,2019,https://doi.org/10.1063/1.5111086,link/SI,SI,0,1,1,1,0,1,Captured SI link and saved file are the version of the same content - SI link still resolves
157,https://authors.library.caltech.edu/records/r6nmg-jym17,2019-03-22,2019,https://doi.org/10.1021/acsanm.8b01988,link/SI,SI,0,1,1,1,0,1,Captured SI link and saved file are the version of the same content - SI link still resolves
158,https://authors.library.caltech.edu/records/24vvw-k1f65,2019-09-10,2019,https://doi.org/10.1017/jfm.2019.474,No,No,0,0,0,0,0,0,
159,https://authors.library.caltech.edu/records/pwscq-vhc73,2019-12-01,2019,https://doi.org/10.1103/physrevfluids.4.123302,No,No,0,0,0,0,0,0,
160,https://authors.library.caltech.edu/records/49kf5-89a76,2019-08-01,2019,https://doi.org/10.1063/1.5115768,No,No,0,0,0,0,0,0,
161,https://authors.library.caltech.edu/records/87dym-vvh60,2019-10-17,2019,https://doi.org/10.1002/cmdc.201900418,SI,SI,0,0,0,0,0,1,
162,https://authors.library.caltech.edu/records/ct2d4-cx655,2019-11-01,2019,https://doi.org/10.1111/gbi.12354,SI,SI,0,0,0,0,0,1,
163,https://authors.library.caltech.edu/records/3aqc2-b0947,2019-07-01,2019,https://doi.org/10.1103/PhysRevFluids.4.073905,No,No,0,0,0,0,0,0,
164,https://authors.library.caltech.edu/records/2qcp2-36392,2019-07-01,2019,https://doi.org/10.1557/mrs.2019.158,No,No,0,0,0,0,0,0,
165,https://authors.library.caltech.edu/records/ty6gf-vzn55,2019-07-01,2019,https://doi.org/10.1093/mnras/stz1204,No,No,0,0,0,0,0,0,
166,https://authors.library.caltech.edu/records/63etc-deb78,2019-10-24,2019,https://doi.org/10.1038/s41586-019-1673-6,link + SI,link + SI,1,0,0,0,0,1,Link still resolves
167,https://authors.library.caltech.edu/records/j440m-np445,2019-08-15,2019,https://doi.org/10.1103/PhysRevD.100.043501,No,No,0,0,0,0,0,0,
168,https://authors.library.caltech.edu/records/gswkz-vyg12,2019-05-01,2019,https://doi.org/10.1093/mnras/stz522,No,No,0,0,0,0,0,0,
169,https://authors.library.caltech.edu/records/t37ec-6gm81,2019-07-01,2019,https://doi.org/10.1093/mnras/stz1138,No,No,0,0,0,0,0,0,
170,https://authors.library.caltech.edu/records/b18r8-3jj82,2019-07-01,2019,https://doi.org/10.1093/mnras/stz1054,SI,SI,0,0,0,0,0,1,
171,https://authors.library.caltech.edu/records/apfj5-kcr95,2019-08-28,2019,https://doi.org/10.1021/acsami.9b09144,SI,SI,0,0,0,0,0,1,
172,https://authors.library.caltech.edu/records/vmv3m-epd46,2019-11-07,2019,https://doi.org/10.1038/s41586-019-1720-3,SI,link + SI,1,1,1,0,1,1,Missing links from data availability
173,https://authors.library.caltech.edu/records/k8sed-pqn33,2019-09-01,2019,https://doi.org/10.2514/1.J058385,No,No,0,0,0,0,0,0,
174,https://authors.library.caltech.edu/records/rkgsf-t3e64,2019-07-01,2019,https://doi.org/10.2514/1.J058088,No,No,0,0,0,0,0,0,
175,https://authors.library.caltech.edu/records/aqds0-qqh39,2019-01-01,2019,https://doi.org/10.1093/cercor/bhx330,SI,SI,0,0,0,0,0,1,
176,https://authors.library.caltech.edu/records/st1af-jxp09,2019-11-01,2019,https://doi.org/10.1088/1748-0221/14/11/p11017,No,No,0,0,0,0,0,0,
177,https://authors.library.caltech.edu/records/76t54-49j03,2019-12-13,2019,https://doi.org/10.1051/epjconf/201921905008,No,No,0,0,0,0,0,0,
178,https://authors.library.caltech.edu/records/qdcjp-gg452,2019-12-12,2019,https://doi.org/10.1051/epjconf/201921904004,No,No,0,0,0,0,0,0,
179,https://authors.library.caltech.edu/records/jtwkw-hz031,2019-12-12,2019,https://doi.org/10.1051/epjconf/201921902005,No,No,0,0,0,0,0,0,
180,https://authors.library.caltech.edu/records/rrv7w-n8c27,2019-10-01,2019,https://doi.org/10.1007/JHEP10(2019)206,SI,SI,0,0,0,0,0,1,
181,https://authors.library.caltech.edu/records/1ctpm-9h767,2019-08-15,2019,https://doi.org/10.1103/PhysRevD.100.046003,No,No,0,0,0,0,0,0,
182,https://authors.library.caltech.edu/records/ttthk-k4s86,2019-07-18,2019,https://doi.org/10.1021/acs.jpcc.9b04386,SI,SI,0,0,0,0,0,1,
183,https://authors.library.caltech.edu/records/hs22j-zx832,2019-06-07,2019,https://doi.org/10.1039/c9cp01611b,SI,SI,0,0,0,0,0,1,
184,https://authors.library.caltech.edu/records/sakj7-pem80,2019-04-01,2019,https://doi.org/10.1017/S0022046919000344,No,No,0,0,0,0,0,0,
185,https://authors.library.caltech.edu/records/9jz6r-2ee23,2019-05-24,2019,https://doi.org/10.1103/PhysRevLett.122.201603,No,No,0,0,0,0,0,0,
186,https://authors.library.caltech.edu/records/1zt94-eam95,2019-11-01,2019,https://doi.org/10.1016/j.aop.2019.167922,No,No,0,0,0,0,0,0,
187,https://authors.library.caltech.edu/records/t2234-xx628,2019-04-02,2019,https://doi.org/10.21468/SciPostPhys.6.4.041,No,No,0,0,0,0,0,0,
188,https://authors.library.caltech.edu/records/rcbzk-7d279,2019-03-15,2019,https://doi.org/10.1103/PhysRevB.99.115123,No,No,0,0,0,0,0,0,
189,https://authors.library.caltech.edu/records/vssw5-9m678,2019-08-15,2019,https://doi.org/10.1103/PhysRevB.100.085127,No,No,0,0,0,0,0,0,
190,https://authors.library.caltech.edu/records/v5g3k-3xr63,2019-01-01,2019,https://doi.org/10.1103/physrevb.99.014303,No,No,0,0,0,0,0,0,
191,https://authors.library.caltech.edu/records/bd71r-z5z40,2019-10-01,2019,https://doi.org/10.1093/mnras/stz2018,SI,SI,0,0,0,0,0,1,
192,https://authors.library.caltech.edu/records/r87mt-yd217,2019-12-01,2019,https://doi.org/10.3847/1538-3881/ab2a05,No,No,0,0,0,0,0,0,
193,https://authors.library.caltech.edu/records/k0htx-0qc69,2019-12-10,2019,https://doi.org/10.3847/2041-8213/ab59dc,No,No,0,0,0,0,0,0,
194,https://authors.library.caltech.edu/records/rszyw-c4058,2019-03-01,2019,https://doi.org/10.1088/1538-3873/aaf5ad,Code,Code,0,0,0,0,0,0,
195,https://authors.library.caltech.edu/records/dv37q-3vh30,2019-09-01,2019,https://doi.org/10.1038/s41550-019-0800-5,SI,link + SI,1,1,1,0,1,1,Links in Data Availability statement
196,https://authors.library.caltech.edu/records/m8php-zz548,2019-02-01,2019,https://doi.org/10.3847/1538-3881/aaf57f,No,No,0,0,0,0,0,0,
197,https://authors.library.caltech.edu/records/2s0nx-k7656,2019-12-01,2019,https://doi.org/10.3847/1538-3881/ab4e9a,No,No,0,0,0,0,0,0,
198,https://authors.library.caltech.edu/records/79bby-79h41,2019-02-01,2019,https://doi.org/10.1088/1538-3873/aaef0f,No,No,0,0,0,0,0,0,
199,https://authors.library.caltech.edu/records/zjbrj-2bj63,2019-03-01,2019,https://doi.org/10.3847/1538-3881/aaf79c,No,No,0,0,0,0,0,0,
200,https://authors.library.caltech.edu/records/vrmtd-wb068,2019-03-01,2019,https://doi.org/10.3847/1538-3881/aaff69,No,No,0,0,0,0,0,0,
201,https://authors.library.caltech.edu/records/arq9w-19b33,2018-01-15,2018,https://doi.org/10.1016/j.jmmm.2017.09.013,No,No,0,0,0,0,0,0,
202,https://authors.library.caltech.edu/records/nthzg-d5210,2018-02-01,2018,https://doi.org/10.1007/JHEP02(2018)164,No,No,0,0,0,0,0,0,
203,https://authors.library.caltech.edu/records/q3fsh-t7f69,2018-07-15,2018,https://doi.org/10.1103/PhysRevB.98.035122,No,No,0,0,0,0,0,0,
204,https://authors.library.caltech.edu/records/vnpna-wvf82,2018-03-01,2018,https://doi.org/10.1111/ijac.12794,No,No,0,0,0,0,0,0,
205,https://authors.library.caltech.edu/records/jwfrq-z9m52,2018-08-25,2018,https://doi.org/10.1016/j.physleta.2017.08.007,No,No,0,0,0,0,0,0,
206,https://authors.library.caltech.edu/records/wszwx-st815,2018-11-09,2018,https://doi.org/10.1103/PhysRevLett.121.190503,No,No,0,0,0,0,0,0,
207,https://authors.library.caltech.edu/records/jymg9-76986,2018-02-01,2018,https://doi.org/10.1038/s41566-017-0078-z,SI,SI,0,0,0,0,0,1,
208,https://authors.library.caltech.edu/records/cwtdq-5j228,2018-06-01,2018,https://doi.org/10.1007/s00023-018-0670-x,No,No,0,0,0,0,0,0,
209,https://authors.library.caltech.edu/records/zjvy9-1ny89,2018-01-11,2018,https://doi.org/10.1093/mnras/stx2425,No,No,0,0,0,0,0,0,
210,https://authors.library.caltech.edu/records/w63qa-xx947,2018-08-01,2018,https://doi.org/10.1007/s10801-017-0790-2,No,No,0,0,0,0,0,0,
211,https://authors.library.caltech.edu/records/83b2d-z3434,2018-07-11,2018,https://doi.org/10.2140/ant.2018.12.935,No,No,0,0,0,0,0,0,
212,https://authors.library.caltech.edu/records/g5k83-d9494,2018-05-01,2018,https://doi.org/10.1112/S0010437X17007990,No,No,0,0,0,0,0,0,
213,https://authors.library.caltech.edu/records/xm044-phe92,2018-03-08,2018,https://doi.org/10.3842/SIGMA.2018.019,No,No,0,0,0,0,0,0,
214,https://authors.library.caltech.edu/records/ndw2x-1hy94,2018-01-15,2018,https://doi.org/10.1016/j.icarus.2017.09.018,No,No,0,0,0,0,0,0,
215,https://authors.library.caltech.edu/records/e7k9s-v8g53,2018-08-25,2018,https://doi.org/10.1016/j.physleta.2017.09.014,No,No,0,0,0,0,0,0,
216,https://authors.library.caltech.edu/records/erhzq-x5b64,2018-05-25,2018,https://doi.org/10.1103/PhysRevLett.120.210602,SI,SI,0,0,0,0,0,1,
217,https://authors.library.caltech.edu/records/25cdm-r8y12,2018-03-28,2018,https://doi.org/10.1063/1.5003151,No,No,0,0,0,0,0,0,
218,https://authors.library.caltech.edu/records/5mbxw-0v724,2018-02-01,2018,https://doi.org/10.1016/j.ijmultiphaseflow.2017.08.008,No,No,0,0,0,0,0,0,
219,https://authors.library.caltech.edu/records/qwjbn-j6b66,2018-06-30,2018,https://doi.org/10.1016/j.compfluid.2017.09.016,No,No,0,0,0,0,0,0,
220,https://authors.library.caltech.edu/records/40ynf-phc72,2018-02-15,2018,https://doi.org/10.1016/j.scitotenv.2017.09.175,SI,SI,0,0,0,0,0,1,
221,https://authors.library.caltech.edu/records/crnrm-4bn35,2018-02-01,2018,https://doi.org/10.3847/2041-8213/aaa83b,No,No,0,0,0,0,0,0,
222,https://authors.library.caltech.edu/records/n0xy6-hxk04,2018-05-01,2018,https://doi.org/10.3847/1538-4365/aabe38,No,No,0,0,0,0,0,0,
223,https://authors.library.caltech.edu/records/vbrrd-qdx06,2018-02-01,2018,https://doi.org/10.1007/JHEP02(2018)134,No,No,0,0,0,0,0,0,
224,https://authors.library.caltech.edu/records/p2d1w-hr729,2018-03-01,2018,https://doi.org/10.1007/JHEP03(2018)026,No,No,0,0,0,0,0,0,
225,https://authors.library.caltech.edu/records/7r9qj-aph20,2018-01-15,2018,https://doi.org/10.1103/PhysRevB.97.035127,No,No,0,0,0,0,0,0,
226,https://authors.library.caltech.edu/records/wsq2z-ts016,2018-11-01,2018,https://doi.org/10.1103/PhysRevA.98.053414,No,No,0,0,0,0,0,0,
227,https://authors.library.caltech.edu/records/0a6rq-yhe16,2018-05-01,2018,https://doi.org/10.1103/PhysRevC.97.052501,No,No,0,0,0,0,0,0,
228,https://authors.library.caltech.edu/records/abptk-9pa18,2018-03-01,2018,https://doi.org/10.1103/PhysRevC.97.035505,No,No,0,0,0,0,0,0,
229,https://authors.library.caltech.edu/records/8k83z-1b192,2018-11-15,2018,https://doi.org/10.1103/PhysRevB.98.201406,No,No,0,0,0,0,0,0,
230,https://authors.library.caltech.edu/records/2pxxd-e5p85,2018-12-21,2018,https://doi.org/10.1103/PhysRevLett.121.251101,No,No,0,0,0,0,0,0,
231,https://authors.library.caltech.edu/records/rmjw5-f9f04,2018-10-01,2018,https://doi.org/10.1007/JHEP10(2018)004,No,No,0,0,0,0,0,0,
232,https://authors.library.caltech.edu/records/dcmxf-t2w12,2018-07-20,2018,https://doi.org/10.3847/1538-4357/aacb31,No,No,0,0,0,0,0,0,
233,https://authors.library.caltech.edu/records/fvxmt-2t683,2018-09-15,2018,https://doi.org/10.1103/PhysRevB.98.125112,No,No,0,0,0,0,0,0,
234,https://authors.library.caltech.edu/records/ewtxa-rrj58,2018-07-15,2018,https://doi.org/10.1103/PhysRevB.98.035111,No,No,0,0,0,0,0,0,
235,https://authors.library.caltech.edu/records/xz98c-d5t51,2018-07-01,2018,https://doi.org/10.1103/physrevx.8.031051,No,No,0,0,0,0,0,0,
236,https://authors.library.caltech.edu/records/3e3fc-8wa43,2018-12-15,2018,https://doi.org/10.1103/PhysRevB.98.245122,No,No,0,0,0,0,0,0,
237,https://authors.library.caltech.edu/records/tev4b-hhw52,2018-09-01,2018,https://doi.org/10.1103/PhysRevB.98.094502,SI,SI,0,0,0,0,0,1,
238,https://authors.library.caltech.edu/records/h883z-s7g63,2018-06-29,2018,https://doi.org/10.1103/PhysRevLett.120.261602,No,No,0,0,0,0,0,0,
239,https://authors.library.caltech.edu/records/hgq0c-prx17,2018-04-01,2018,https://doi.org/10.1007/JHEP04(2018)129,No,No,0,0,0,0,0,0,
240,https://authors.library.caltech.edu/records/rxhby-1ds95,2018-12-21,2018,https://doi.org/10.1103/PhysRevLett.121.251102,No,No,0,0,0,0,0,0,
241,https://authors.library.caltech.edu/records/0c1cj-7w312,2018-11-08,2018,https://doi.org/10.1080/0950236X.2018.1543045,No,No,0,0,0,0,0,0,
242,https://authors.library.caltech.edu/records/tnaz1-w8c77,2018-02-01,2018,https://doi.org/10.1007/JHEP02(2018)095,No,No,0,0,0,0,0,0,
243,https://authors.library.caltech.edu/records/aqj86-36z97,2018-02-01,2018,https://doi.org/10.3847/1538-3881/aaa008,No,No,0,0,0,0,0,0,
244,https://authors.library.caltech.edu/records/bt5r0-j8n43,2018-02-01,2018,https://doi.org/10.1038/s41550-017-0325-8,SI,SI,0,0,0,0,0,1,
245,https://authors.library.caltech.edu/records/pfe49-rx052,2018-10-01,2018,https://doi.org/10.3847/1538-3881/aad773,No,No,0,0,0,0,0,0,
246,https://authors.library.caltech.edu/records/pxxjt-80627,2018-08-01,2018,https://doi.org/10.3847/1538-3881/aacf99,No,No,0,0,0,0,0,0,
247,https://authors.library.caltech.edu/records/5rv78-r0578,2018-02-01,2018,https://doi.org/10.1051/0004-6361/201731637,No,No,0,0,0,0,0,0,
248,https://authors.library.caltech.edu/records/gyxcc-3r516,2018-05-01,2018,https://doi.org/10.3847/1538-3881/aabd75,No,No,0,0,0,0,0,0,
249,https://authors.library.caltech.edu/records/w8m8j-ang16,2018-04-01,2018,https://doi.org/10.3847/1538-3881/aaaeb6,No,No,0,0,0,0,0,0,
250,https://authors.library.caltech.edu/records/pzf55-61k04,2018-02-01,2018,https://doi.org/10.3847/1538-3881/aaa458,No,No,0,0,0,0,0,0,
251,https://authors.library.caltech.edu/records/0qes7-wsd73,2017-08-20,2017,https://doi.org/10.3847/1538-4357/aa813b,No,No,0,0,0,0,0,0,
252,https://authors.library.caltech.edu/records/g63vx-2np82,2017-08-20,2017,https://doi.org/10.3847/1538-4357/aa826c,No,No,0,0,0,0,0,0,
253,https://authors.library.caltech.edu/records/bx5et-8c010,2017-09-01,2017,https://doi.org/10.1038/ngeo3023,No,No,0,0,0,0,0,0,
254,https://authors.library.caltech.edu/records/24441-p8777,2017-08-20,2017,https://doi.org/10.3847/1538-4357/aa81d2,No,No,0,0,0,0,0,0,
255,https://authors.library.caltech.edu/records/r4290-bw627,2017-08-18,2017,https://doi.org/10.1038/s41598-017-08872-4,SI,SI,0,0,0,0,0,1,
256,https://authors.library.caltech.edu/records/g7q2a-zft49,2017-08-21,2017,https://doi.org/10.14814/phy2.13375,No,No,0,0,0,0,0,0,
257,https://authors.library.caltech.edu/records/djb0p-fs504,2017-08-16,2017,https://doi.org/10.1371/journal.pone.0183377,No,No,0,0,0,0,0,0,
258,https://authors.library.caltech.edu/records/mk86h-bnw24,2017-10-01,2017,https://doi.org/10.1016/j.eml.2017.08.003,No,No,0,0,0,0,0,0,
259,https://authors.library.caltech.edu/records/z320b-27w59,2017-09-01,2017,https://doi.org/10.3847/1538-3881/aa8406,No,No,0,0,0,0,0,0,
260,https://authors.library.caltech.edu/records/8f0vz-b5s56,2017-12-01,2017,https://doi.org/10.1116/1.4998018,No,SI,0,1,0,0,0,1,
261,https://authors.library.caltech.edu/records/a6sfa-x2505,2017-10-01,2017,https://doi.org/10.1038/ngeo3033,SI,SI,0,0,0,0,0,1,
262,https://authors.library.caltech.edu/records/m6faf-ha662,2017-09-01,2017,https://doi.org/10.3847/1538-4365/aa8098,No,No,0,0,0,0,0,0,
263,https://authors.library.caltech.edu/records/m675t-ejx56,2017-08-14,2017,https://doi.org/10.1080/15548627.2017.1339004,SI,SI,0,0,0,0,0,1,
264,https://authors.library.caltech.edu/records/rqxqj-yd609,2017-08-01,2017,https://doi.org/10.1063/1.4999225,No,No,0,0,0,0,0,0,
265,https://authors.library.caltech.edu/records/knman-ns417,2017-09-01,2017,https://doi.org/10.1088/1742-6596/880/1/012021,No,No,0,0,0,0,0,0,
266,https://authors.library.caltech.edu/records/vk8fe-yen68,2017-09-10,2017,https://doi.org/10.3847/1538-4357/aa85e3,No,No,0,0,0,0,0,0,
267,https://authors.library.caltech.edu/records/hq0ce-jax03,2017-12-01,2017,https://doi.org/10.1016/j.jcp.2017.08.069,No,No,0,0,0,0,0,0,
268,https://authors.library.caltech.edu/records/1jcgf-xyj41,2017-12-01,2017,https://doi.org/10.1016/j.wavemoti.2017.08.004,No,No,0,0,0,0,0,0,
269,https://authors.library.caltech.edu/records/gatr0-mr994,2017-04-01,2017,https://www.jstor.org/stable/26293902,No,No,0,0,0,0,0,0,
270,https://authors.library.caltech.edu/records/mqnvf-ej076,2017-09-15,2017,https://doi.org/10.1103/PhysRevLett.119.117801,SI,SI,0,0,0,0,0,1,
271,https://authors.library.caltech.edu/records/y03fr-enj25,2017-10-07,2017,https://doi.org/10.1039/c7dt02300f,SI,SI,0,0,0,0,0,1,
272,https://authors.library.caltech.edu/records/215z4-v9820,2017-09-15,2017,https://doi.org/10.1103/PhysRevD.96.064017,No,SI,0,1,0,0,0,1,
273,https://authors.library.caltech.edu/records/jyhnh-wk055,2017-11-08,2017,https://doi.org/10.1002/cmdc.201700540,SI,SI,0,0,0,0,0,1,
274,https://authors.library.caltech.edu/records/k8ast-xev62,2017-10-11,2017,https://doi.org/10.1021/jacs.7b07798,SI,SI,0,0,0,0,0,1,
275,https://authors.library.caltech.edu/records/71359-17p35,2017-06-01,2017,https://doi.org/10.1093/gji/ggx096,No,SI,0,1,0,0,0,1,
276,https://authors.library.caltech.edu/records/4fdkv-fg047,2017-08-01,2017,https://doi.org/10.1016/j.nima.2017.05.005,No,No,0,0,0,0,0,0,
277,https://authors.library.caltech.edu/records/9sqne-ae613,2017-05-05,2017,https://doi.org/10.1103/PhysRevLett.118.186801,No,No,0,0,0,0,0,0,
278,https://authors.library.caltech.edu/records/xg6hp-c4h47,2017-05-17,2017,https://doi.org/10.1103/PhysRevB.95.195105,No,No,0,0,0,0,0,0,
279,https://authors.library.caltech.edu/records/kmb2q-cjq59,2017-06-01,2017,https://doi.org/10.1146/annurev-biochem-060815-014207,No,No,0,0,0,0,0,0,
280,https://authors.library.caltech.edu/records/m0771-36j97,2017-03-24,2017,https://doi.org/10.1103/PhysRevLett.118.121601,No,No,0,0,0,0,0,0,
281,https://authors.library.caltech.edu/records/w8d98-94e52,2017-02-03,2017,https://doi.org/10.1103/PhysRevLett.118.051601,No,No,0,0,0,0,0,0,
282,https://authors.library.caltech.edu/records/jnz1c-zat62,2017-02-08,2017,https://doi.org/10.3390/galaxies5010012,No,No,0,0,0,0,0,0,
283,https://authors.library.caltech.edu/records/5ar99-6rh03,2017-06-15,2017,https://doi.org/10.1103/PhysRevB.95.245126,No,No,0,0,0,0,0,0,
284,https://authors.library.caltech.edu/records/xkysx-vdf41,2017-03-15,2017,https://doi.org/10.1103/PhysRevB.95.115142,No,No,0,0,0,0,0,0,
285,https://authors.library.caltech.edu/records/rrys4-34112,2017-07-01,2017,https://doi.org/10.1002/andp.201600318,No,No,0,0,0,0,0,0,
286,https://authors.library.caltech.edu/records/j2f8j-6xt03,2017-11-01,2017,https://doi.org/10.1016/j.revip.2017.02.002,No,No,0,0,0,0,0,0,
287,https://authors.library.caltech.edu/records/t2kee-x9e40,2017-02-01,2017,https://doi.org/10.1007/JHEP02(2017)020,No,No,0,0,0,0,0,0,
288,https://authors.library.caltech.edu/records/zh2wk-pwn59,2017-03-01,2017,https://doi.org/10.1093/gerhis/ghw115,No,No,0,0,0,0,0,0,
289,https://authors.library.caltech.edu/records/jtmcm-mkq80,2017-03-15,2017,https://doi.org/10.1021/acsphotonics.6b00991,No,No,0,0,0,0,0,0,
290,https://authors.library.caltech.edu/records/jbg3m-jgg08,2017-10-06,2017,https://doi.org/10.1103/PhysRevLett.119.141101,No,No,0,0,0,0,0,0,
291,https://authors.library.caltech.edu/records/cfcyv-hme36,2017-07-13,2017,https://doi.org/10.1038/s41598-017-05235-x,SI,SI,0,0,0,0,0,1,
292,https://authors.library.caltech.edu/records/81q9y-jbb85,2017-03-15,2017,https://doi.org/10.1126/sciadv.1601946,SI,SI,0,0,0,0,0,1,
293,https://authors.library.caltech.edu/records/gvrnb-3p953,2017-09-01,2017,https://doi.org/10.1007/JHEP09(2017)002,No,No,0,0,0,0,0,0,
294,https://authors.library.caltech.edu/records/aqy6p-4w440,2017-05-10,2017,https://doi.org/10.3847/1538-4357/aa6d6b,No,No,0,0,0,0,0,0,
295,https://authors.library.caltech.edu/records/44pvn-eat24,2017-01-10,2017,https://doi.org/10.3847/1538-4357/834/2/187,No,No,0,0,0,0,0,0,
296,https://authors.library.caltech.edu/records/xk4f0-24r88,2017-02-01,2017,https://doi.org/10.3847/1538-3881/153/2/86,No,No,0,0,0,0,0,0,
297,https://authors.library.caltech.edu/records/rrthe-5ba37,2017-06-01,2017,https://doi.org/10.3847/1538-3881/aa725f,No,No,0,0,0,0,0,0,
298,https://authors.library.caltech.edu/records/dqjx7-wr492,2017-02-21,2017,https://doi.org/10.1093/mnras/stx2865,No,No,0,0,0,0,0,0,
299,https://authors.library.caltech.edu/records/5daa4-w0p96,2017-09-20,2017,https://doi.org/10.3847/2041-8213/aa876c,No,No,0,0,0,0,0,0,
300,https://authors.library.caltech.edu/records/36dz9-3ba74,2017-10-10,2017,https://doi.org/10.3847/1538-4357/aa88aa,No,No,0,0,0,0,0,0,
301,https://authors.library.caltech.edu/records/fehkp-ha224,2016-01-27,2016,https://doi.org/10.1021/jacs.5b11750,SI,SI,0,0,0,0,0,1,
302,https://authors.library.caltech.edu/records/9tm6x-w9983,2016-01-20,2016,https://doi.org/10.3847/0004-6256/151/2/22,No,No,0,0,0,0,0,0,
303,https://authors.library.caltech.edu/records/gs2e9-bhm64,2016-02-02,2016,https://doi.org/10.1073/pnas.1514412113,SI,link + SI,1,1,1,0,1,1,
304,https://authors.library.caltech.edu/records/vvf7v-xw015,2016-02-15,2016,https://doi.org/10.1016/j.cej.2015.10.101,No,No,0,0,0,0,0,0,
305,https://authors.library.caltech.edu/records/qea75-b5y39,2016-07-01,2016,https://doi.org/10.1016/j.jnnfm.2016.02.004,SI,SI,0,0,0,0,0,1,
306,https://authors.library.caltech.edu/records/3hq71-2m313,2016-02-01,2016,https://doi.org/10.1109/TIT.2015.2504521,No,No,0,0,0,0,0,0,
307,https://authors.library.caltech.edu/records/qaf2j-79h08,2016-02-01,2016,https://doi.org/10.1016/j.jeurceramsoc.2015.10.018,No,No,0,0,0,0,0,0,
308,https://authors.library.caltech.edu/records/t9378-14r62,2016-02-15,2016,https://doi.org/10.1103/PhysRevD.93.044064,No,No,0,0,0,0,0,0,
309,https://authors.library.caltech.edu/records/3x240-9a668,2016-02-18,2016,https://doi.org/10.1002/chem.201502157,SI,SI,0,0,0,0,0,1,
310,https://authors.library.caltech.edu/records/akpy1-bjn52,2016-02-22,2016,https://doi.org/10.1126/science.aad1920,No,No,0,0,0,0,0,0,
311,https://authors.library.caltech.edu/records/yvtsb-wph67,2016-03-01,2016,https://doi.org/10.1104/pp.15.01281,SI,SI,0,0,0,0,0,1,
312,https://authors.library.caltech.edu/records/4867t-p4z09,2016-04-01,2016,https://doi.org/10.1016/j.jsb.2016.02.001,SI,listed + SI,0,1,0,0,0,1,Accession numbers listed but no link
313,https://authors.library.caltech.edu/records/78syr-ynx76,2016-01-01,2016,https://doi.org/10.1103/PhysRevB.93.014306,No,No,0,0,0,0,0,0,
314,https://authors.library.caltech.edu/records/9w2pn-hw497,2016-02-02,2016,https://doi.org/10.1186/s13059-016-0880-9,No,SI,0,1,0,0,0,1,
315,https://authors.library.caltech.edu/records/mhb3f-w4y28,2016-01-01,2016,https://doi.org/10.1103/PhysRevD.93.015013,No,No,0,0,0,0,0,0,
316,https://authors.library.caltech.edu/records/ehv5z-p2x78,2016-01-01,2016,https://doi.org/10.1103/PhysRevD.93.012005,No,No,0,0,0,0,0,0,
317,https://authors.library.caltech.edu/records/f58jj-k8p83,2016-02-15,2016,https://doi.org/10.1083/jcb.201511036,No,No,0,0,0,0,0,0,
318,https://authors.library.caltech.edu/records/a9xh2-a0706,2016-03-20,2016,https://doi.org/10.3847/0004-637X/820/1/33,No,No,0,0,0,0,0,0,
319,https://authors.library.caltech.edu/records/f0qpx-nfw79,2016-12-20,2016,https://doi.org/10.3847/1538-4357/833/2/231,No,No,0,0,0,0,0,0,
320,https://authors.library.caltech.edu/records/1qbgc-7kg27,2016-01-15,2016,https://doi.org/10.1016/j.actamat.2015.11.021,No,No,0,0,0,0,0,0,
321,https://authors.library.caltech.edu/records/9qf1j-p5n02,2016-01-26,2016,https://doi.org/10.1002/anie.201507806,SI,SI,0,0,0,0,0,1,
322,https://authors.library.caltech.edu/records/bsdek-kpf05,2016-01-14,2016,https://doi.org/10.1063/1.4937790,No,SI,0,1,0,0,0,1,
323,https://authors.library.caltech.edu/records/1bdxm-any26,2016-02-01,2016,https://doi.org/10.1007/s00205-015-0901-y,No,No,0,0,0,0,0,0,
324,https://authors.library.caltech.edu/records/dc34k-jc608,2016-04-20,2016,https://doi.org/10.3847/0004-637X/821/2/96,No,No,0,0,0,0,0,0,
325,https://authors.library.caltech.edu/records/s2x4e-yr627,2016-04-01,2016,https://doi.org/10.1016/j.jqsrt.2016.01.014,No,No,0,0,0,0,0,0,
326,https://authors.library.caltech.edu/records/fqqyf-re185,2016-12-15,2016,https://doi.org/10.1103/PhysRevB.94.245440,No,No,0,0,0,0,0,0,
327,https://authors.library.caltech.edu/records/gxc50-vn756,2016-12-14,2016,https://doi.org/10.1021/acs.nanolett.6b04369,SI,SI,0,0,0,0,0,1,
328,https://authors.library.caltech.edu/records/4332k-x7130,2016-09-15,2016,https://doi.org/10.1103/PhysRevB.94.125409,No,No,0,0,0,0,0,0,
329,https://authors.library.caltech.edu/records/xg30m-y9n20,2016-06-01,2016,https://doi.org/10.1103/PhysRevC.93.065502,No,No,0,0,0,0,0,0,
330,https://authors.library.caltech.edu/records/7vjr0-djj40,2016-06-01,2016,https://doi.org/10.1103/PhysRevA.93.062703,No,No,0,0,0,0,0,0,
331,https://authors.library.caltech.edu/records/2r60g-92j88,2016-02-29,2016,https://doi.org/10.1103/PhysRevLett.116.041601,No,No,0,0,0,0,0,0,
332,https://authors.library.caltech.edu/records/w2nnz-51467,2016-03-15,2016,https://doi.org/10.1103/PhysRevD.93.064076,No,No,0,0,0,0,0,0,
333,https://authors.library.caltech.edu/records/bsaak-55t46,2016-12-15,2016,https://doi.org/10.1103/PhysRevD.94.124030,No,No,0,0,0,0,0,0,
334,https://authors.library.caltech.edu/records/xg94p-pf196,2016-04-01,2016,https://doi.org/10.1007/JHEP04(2016)002,No,SI,0,1,0,0,0,1,
335,https://authors.library.caltech.edu/records/zr4ma-33g67,2016-06-15,2016,https://doi.org/10.1103/PhysRevB.93.235161,No,No,0,0,0,0,0,0,
336,https://authors.library.caltech.edu/records/aamdr-n5230,2016-10-01,2016,https://doi.org/10.1103/PhysRevX.6.041006,No,No,0,0,0,0,0,0,
337,https://authors.library.caltech.edu/records/dwdjr-r4353,2016-11-15,2016,https://doi.org/10.1103/PhysRevB.94.195120,No,No,0,0,0,0,0,0,
338,https://authors.library.caltech.edu/records/cy6z3-4qq59,2016-03-07,2016,https://doi.org/10.1098/rsta.2015.0192,No,link,1,1,1,0,1,0,
339,https://authors.library.caltech.edu/records/wys8k-c7d18,2016-06-01,2016,https://doi.org/10.1063/1.4953110,No,No,0,0,0,0,0,0,
340,https://authors.library.caltech.edu/records/zbzyf-2yv16,2016-05-01,2016,https://doi.org/10.3847/0004-637X/822/1/39,No,No,0,0,0,0,0,0,
341,https://authors.library.caltech.edu/records/9vt63-8w544,2016-06-23,2016,https://doi.org/10.1088/1538-3873/128/967/094401,No,No,0,0,0,0,0,0,
342,https://authors.library.caltech.edu/records/7qph0-aba22,2016-08-20,2016,https://doi.org/10.3847/0004-637X/827/2/100,No,No,0,0,0,0,0,0,
343,https://authors.library.caltech.edu/records/d6ccd-qh177,2016-08-10,2016,https://doi.org/10.3847/0004-637X/827/1/78,No,No,0,0,0,0,0,0,
344,https://authors.library.caltech.edu/records/9ga7g-8y380,2016-04-20,2016,https://doi.org/10.3847/0004-637X/821/2/89,No,No,0,0,0,0,0,0,
345,https://authors.library.caltech.edu/records/ndznt-35h87,2016-06-01,2016,https://doi.org/10.3847/0004-637X/823/2/122,No,No,0,0,0,0,0,0,
346,https://authors.library.caltech.edu/records/gwgx6-fj772,2016-04-10,2016,https://doi.org/10.3847/0004-637X/821/1/26,No,No,0,0,0,0,0,0,
347,https://authors.library.caltech.edu/records/a3fp7-cab79,2016-01-07,2016,https://doi.org/10.1038/nature16068,SI,link + SI,1,1,1,0,1,1,
348,https://authors.library.caltech.edu/records/fdnj5-gvg63,2016-10-06,2016,https://doi.org/10.1016/j.cell.2016.08.070,SI,SI,0,0,0,0,0,1,STAR method table
349,https://authors.library.caltech.edu/records/bh0wj-7qm15,2016-09-01,2016,https://doi.org/10.3847/0067-0049/226/1/7,No,No,0,0,0,0,0,0,
350,https://authors.library.caltech.edu/records/w3p4n-gec81,2016-08-10,2016,https://doi.org/10.3847/0004-637X/827/1/8,No,No,0,0,0,0,0,0,
351,https://authors.library.caltech.edu/records/krsk7-nfg47,2015-12-01,2015,https://doi.org/10.1051/0004-6361/201425269,No,No,0,0,0,0,0,0,
352,https://authors.library.caltech.edu/records/hcgdw-sap37,2015-10-01,2015,https://doi.org/10.1109/TAC.2015.2406975,No,No,0,0,0,0,0,0,
353,https://authors.library.caltech.edu/records/gv0ey-qfs94,2015-12-01,2015,https://doi.org/10.1016/j.calphad.2015.08.005,SI,SI,0,0,0,0,0,1,
354,https://authors.library.caltech.edu/records/zq6pw-cw408,2015-12-01,2015,https://doi.org/10.1051/0004-6361/201423788,No,No,0,0,0,0,0,0,
355,https://authors.library.caltech.edu/records/xqrk0-5sn60,2015-12-01,2015,https://doi.org/10.1051/0004-6361/201424063,No,No,0,0,0,0,0,0,
356,https://authors.library.caltech.edu/records/nz7de-ndy45,2015-12-28,2015,https://doi.org/10.1103/PhysRevX.5.041050,No,No,0,0,0,0,0,0,
357,https://authors.library.caltech.edu/records/yp2j8-z1a90,2015-12-01,2015,https://doi.org/10.1103/PhysRevE.92.062208,SI,SI,0,0,0,0,0,1,
358,https://authors.library.caltech.edu/records/558m9-20b70,2015-11-01,2015,https://doi.org/10.1112/plms/pdv051,No,No,0,0,0,0,0,0,
359,https://authors.library.caltech.edu/records/7hjze-pfj05,2015-12-29,2015,https://doi.org/10.3791/53180,No,No,0,0,0,0,0,0,
360,https://authors.library.caltech.edu/records/g7zsd-f9b51,2015-09-14,2015,https://doi.org/10.1017/S0952523815000206,No,No,0,0,0,0,0,0,
361,https://authors.library.caltech.edu/records/my78p-cfd10,2015-12-01,2015,https://doi.org/10.1093/oxartj/kcv016,No,No,0,0,0,0,0,0,
362,https://authors.library.caltech.edu/records/xk9jv-1m996,2015-07-01,2015,https://doi.org/10.1093/mnras/stv1218,No,No,0,0,0,0,0,0,
363,https://authors.library.caltech.edu/records/n46ch-12y10,2015-12-20,2015,https://doi.org/10.1016/j.ecss.2015.11.003,SI,SI,0,0,0,0,0,1,
364,https://authors.library.caltech.edu/records/zrynx-bpa69,2015-05-01,2015,https://doi.org/10.1088/0004-637X/804/1/74,No,No,0,0,0,0,0,0,
365,https://authors.library.caltech.edu/records/5134r-tpe84,2015-05-17,2015,https://doi.org/10.1093/mnras/stv162,No,No,0,0,0,0,0,0,
366,https://authors.library.caltech.edu/records/khaj8-r9p18,2015-10-30,2015,https://doi.org/10.1093/mnras/stv2130,No,No,0,0,0,0,0,0,
367,https://authors.library.caltech.edu/records/kytnh-h4p97,2015-12-01,2015,https://doi.org/10.1093/oxartj/kcv016,No,No,0,0,0,0,0,0,
368,https://authors.library.caltech.edu/records/3whcw-1ac90,2015-08-01,2015,https://doi.org/10.1016/j.nuclphysbps.2015.06.039,No,No,0,0,0,0,0,0,
369,https://authors.library.caltech.edu/records/hnfh4-mw703,2015-10-01,2015,https://doi.org/10.1002/2015JB012112,No,No,0,0,0,0,0,0,
370,https://authors.library.caltech.edu/records/zn4v2-fe443,2015-10-01,2015,https://doi.org/10.1002/2015JB012350,SI,SI,0,0,0,0,0,1,
371,https://authors.library.caltech.edu/records/3r1p7-5ar41,2015-11-01,2015,https://doi.org/10.1007/JHEP11(2015)106,No,No,0,0,0,0,0,0,
372,https://authors.library.caltech.edu/records/rjw7v-a5z64,2015-10-01,2015,https://doi.org/10.1002/2015JB011895,SI,SI,0,0,0,0,0,1,
373,https://authors.library.caltech.edu/records/spyag-d6k71,2015-12-01,2015,https://doi.org/10.1016/j.biotechadv.2015.07.003,No,SI,0,1,0,0,0,1,
374,https://authors.library.caltech.edu/records/8srh2-fg463,2015-10-01,2015,https://doi.org/10.1002/2015JB012287,SI,SI,0,0,0,0,0,1,
375,https://authors.library.caltech.edu/records/fk7aj-2xp58,2015-11-01,2015,https://doi.org/10.1093/gji/ggv361,No,No,0,0,0,0,0,0,
376,https://authors.library.caltech.edu/records/7gqca-jvk44,2015-09-15,2015,https://doi.org/10.1103/PhysRevB.92.115410,No,No,0,0,0,0,0,0,
377,https://authors.library.caltech.edu/records/yaevv-sf708,2015-12-01,2015,https://doi.org/10.1088/1748-0221/10/12/P12003,No,No,0,0,0,0,0,0,
378,https://authors.library.caltech.edu/records/wsxz1-vg649,2015-11-11,2015,https://doi.org/10.1021/acs.nanolett.5b02625,SI,SI,0,0,0,0,0,1,
379,https://authors.library.caltech.edu/records/jzy65-j3f51,2015-06-15,2015,https://doi.org/10.1103/PhysRevB.91.245402,No,No,0,0,0,0,0,0,
380,https://authors.library.caltech.edu/records/0b7gh-96b39,2015-11-20,2015,https://doi.org/10.1103/PhysRevLett.115.211301,No,No,0,0,0,0,0,0,
381,https://authors.library.caltech.edu/records/731b6-xq145,2015-06-05,2015,https://doi.org/10.1103/PhysRevLett.114.221602,No,No,0,0,0,0,0,0,
382,https://authors.library.caltech.edu/records/8vze6-9xp41,2015-04-10,2015,https://doi.org/10.1088/0004-637X/803/1/3,No,No,0,0,0,0,0,0,
383,https://authors.library.caltech.edu/records/aa1ag-k3157,2015-11-30,2015,https://doi.org/10.1103/PhysRevX.5.041034,No,No,0,0,0,0,0,0,
384,https://authors.library.caltech.edu/records/1av46-rn053,2015-10-23,2015,https://doi.org/10.1103/PhysRevX.5.041013,No,No,0,0,0,0,0,0,
385,https://authors.library.caltech.edu/records/3besp-yyw60,2015-05-15,2015,https://doi.org/10.1103/PhysRevB.91.195143,No,No,0,0,0,0,0,0,
386,https://authors.library.caltech.edu/records/dr7bs-jvp76,2015-08-14,2015,https://doi.org/10.1103/PhysRevLett.115.071601,No,No,0,0,0,0,0,0,
387,https://authors.library.caltech.edu/records/wv9j3-zr518,2015-02-01,2015,https://doi.org/10.1111/emed.12090,No,No,0,0,0,0,0,0,
388,https://authors.library.caltech.edu/records/c075k-m0j21,2015-06-17,2015,https://doi.org/10.1007/JHEP06(2015)118,No,No,0,0,0,0,0,0,
389,https://authors.library.caltech.edu/records/c12er-awr78,2015-10-01,2015,https://doi.org/10.1088/0004-637X/811/2/122,No,No,0,0,0,0,0,0,
390,https://authors.library.caltech.edu/records/j6afw-pkk29,2015-01-21,2015,https://doi.org/10.1093/mnras/stu2279,No,No,0,0,0,0,0,0,
391,https://authors.library.caltech.edu/records/vkvkg-ark79,2015-02-20,2015,https://doi.org/10.1088/0004-637X/800/2/138,No,No,0,0,0,0,0,0,
392,https://authors.library.caltech.edu/records/14rxp-ge780,2015-06-01,2015,https://doi.org/10.1088/0004-637X/805/2/132,No,No,0,0,0,0,0,0,
393,https://authors.library.caltech.edu/records/5bwds-heq74,2015-12-01,2015,https://doi.org/10.1088/0004-637X/814/2/148,No,No,0,0,0,0,0,0,
394,https://authors.library.caltech.edu/records/pxyq9-9h159,2015-09-10,2015,https://doi.org/10.1088/0004-637X/810/2/118,No,No,0,0,0,0,0,0,
395,https://authors.library.caltech.edu/records/mhnkq-yqn51,2015-06-20,2015,https://doi.org/10.1088/0004-637X/806/2/146,No,No,0,0,0,0,0,0,
396,https://authors.library.caltech.edu/records/ph38c-p4662,2015-05-01,2015,https://doi.org/10.1088/0004-637X/804/1/59,No,No,0,0,0,0,0,0,
397,https://authors.library.caltech.edu/records/ww312-r5r29,2015-05-22,2015,https://doi.org/10.1126/science.aaa5417,SI,SI,0,0,0,0,0,1,
398,https://authors.library.caltech.edu/records/5jpmm-tzr27,2015-10-01,2015,https://doi.org/10.1109/JPROC.2015.2468077,No,No,0,0,0,0,0,0,
399,https://authors.library.caltech.edu/records/490py-jct06,2015-09-01,2015,https://doi.org/10.1103/PhysRevA.92.032123,No,No,0,0,0,0,0,0,
400,https://authors.library.caltech.edu/records/k5tgz-0m725,2015-09-07,2015,https://doi.org/10.2140/ant.2015.9.1363,No,No,0,0,0,0,0,0,
401,https://authors.library.caltech.edu/records/0db8v-2gv93,2014-07-01,2014,https://doi.org/10.1145/2601097.2601107,SI,SI,0,0,0,0,0,1,
402,https://authors.library.caltech.edu/records/0d7xh-bb970,2014-07-01,2014,https://doi.org/10.1145/2601097.2601217,SI,SI,0,0,0,0,0,1,
403,https://authors.library.caltech.edu/records/q05v1-r1m97,2014-07-01,2014,https://doi.org/10.1145/2601097.2601149,SI,SI,0,0,0,0,0,1,
404,https://authors.library.caltech.edu/records/zg01e-erb35,2014-02-21,2014,https://doi.org/10.1130/GES00952.1,link,SI,0,1,1,1,0,1,"Link is to SI, resolves to article not to file"
405,https://authors.library.caltech.edu/records/cbpng-dk846,2014-07-02,2014,https://doi.org/10.1021/ja5037258,SI,SI,0,0,0,0,0,1,
406,https://authors.library.caltech.edu/records/5s9ze-vk766,2014-07-21,2014,https://doi.org/10.1093/mnras/stu877,No,No,0,0,0,0,0,0,
407,https://authors.library.caltech.edu/records/pch7r-dmf38,2014-09-01,2014,https://doi.org/10.1021/nl502074d,SI,SI,0,0,0,0,0,1,
408,https://authors.library.caltech.edu/records/5f5f9-89f20,2014-06-03,2014,https://doi.org/10.1007/JHEP06(2014)009,No,No,0,0,0,0,0,0,
409,https://authors.library.caltech.edu/records/3p8p6-4kv98,2014-03-01,2014,http://adsabs.harvard.edu/abs/2014CoSka..43..209R,No,No,0,0,0,0,0,0,
410,https://authors.library.caltech.edu/records/24v2q-dfp46,2014-06-16,2014,https://doi.org/10.1007/JHEP06(2014)090,No,No,0,0,0,0,0,0,
411,https://authors.library.caltech.edu/records/953zd-0b752,2014-07-10,2014,https://doi.org/10.1088/0004-637X/789/2/122,No,No,0,0,0,0,0,0,
412,https://authors.library.caltech.edu/records/43jfr-5d464,2014-06-01,2014,https://doi.org/10.1051/0004-6361/201423727,No,No,0,0,0,0,0,0,
413,https://authors.library.caltech.edu/records/5nrpr-pe625,2014-06-27,2014,https://doi.org/10.1103/PhysRevLett.112.251101,No,No,0,0,0,0,0,0,
414,https://authors.library.caltech.edu/records/dsn6s-5vb59,2014-07-10,2014,https://doi.org/10.1038/nature13450,SI,SI,0,0,0,0,0,1,
415,https://authors.library.caltech.edu/records/59ga3-50b62,2014-07-01,2014,https://doi.org/10.1088/2041-8205/789/1/L5,No,No,0,0,0,0,0,0,
416,https://authors.library.caltech.edu/records/15d2w-zh647,2014-09-28,2014,https://doi.org/10.1039/c4cc03067b,SI,SI,0,0,0,0,0,1,
417,https://authors.library.caltech.edu/records/2y8zz-4pj06,2014-06-01,2014,https://doi.org/10.1093/mnras/stu778,No,No,0,0,0,0,0,0,
418,https://authors.library.caltech.edu/records/c29c0-xjb77,2014-07-01,2014,https://doi.org/10.1103/PhysRevA.90.011803,No,SI,0,1,0,0,0,1,
419,https://authors.library.caltech.edu/records/r8az4-eqp27,2014-07-01,2014,https://doi.org/10.1140/epjc/s10052-014-2895-2,No,No,0,0,0,0,0,0,
420,https://authors.library.caltech.edu/records/g9rny-f5442,2014-07-01,2014,https://doi.org/10.1088/0004-6256/148/1/6,No,No,0,0,0,0,0,0,
421,https://authors.library.caltech.edu/records/q9hzg-03s11,2014-06-24,2014,https://doi.org/10.1103/PhysRevE.89.063015,No,No,0,0,0,0,0,0,
422,https://authors.library.caltech.edu/records/59jr8-bc620,2014-06-15,2014,https://doi.org/10.1103/PhysRevD.89.124025,No,No,0,0,0,0,0,0,
423,https://authors.library.caltech.edu/records/fn1bz-7rg02,2014-04-01,2014,https://doi.org/10.1088/1748-9326/9/4/044006,No,No,0,0,0,0,0,0,
424,https://authors.library.caltech.edu/records/hazqk-ay041,2014-06-01,2014,https://doi.org/10.1103/PhysRevD.89.111102,SI,SI,0,0,0,0,0,1,
425,https://authors.library.caltech.edu/records/cn880-f6b33,2014-07-08,2014,https://doi.org/10.3389/fncom.2014.00068,No,No,0,0,0,0,0,0,
426,https://authors.library.caltech.edu/records/bjm5s-96q90,2014-03-01,2014,https://doi.org/10.1146/annurev-conmatphys-031113-133832,No,No,0,0,0,0,0,0,
427,https://authors.library.caltech.edu/records/jb48j-t8b98,2014-05-15,2014,https://doi.org/10.1103/PhysRevD.89.104035,No,No,0,0,0,0,0,0,
428,https://authors.library.caltech.edu/records/5xggt-cmm15,2014-10-01,2014,https://doi.org/10.1103/PhysRevD.90.075011,No,No,0,0,0,0,0,0,
429,https://authors.library.caltech.edu/records/23t9d-fc182,2014-06-01,2014,https://doi.org/10.1088/0004-637X/787/2/151,No,No,0,0,0,0,0,0,
430,https://authors.library.caltech.edu/records/6776c-ncm33,2014-12-15,2014,https://doi.org/10.1103/PhysRevB.90.245122,No,No,0,0,0,0,0,0,
431,https://authors.library.caltech.edu/records/qmmkq-b2639,2014-12-01,2014,https://doi.org/10.1007/JHEP12(2014)087,No,No,0,0,0,0,0,0,
432,https://authors.library.caltech.edu/records/7m711-x5039,2014-07-29,2014,https://doi.org/10.1103/PhysRevLett.113.051601,No,No,0,0,0,0,0,0,
433,https://authors.library.caltech.edu/records/th6rb-6sk19,2014-02-01,2014,https://doi.org/10.1088/1475-7516/2014/02/011,No,No,0,0,0,0,0,0,
434,https://authors.library.caltech.edu/records/vsk9s-g9t65,2014-01-02,2014,https://doi.org/10.1038/nature12887,No,SI,0,1,0,0,0,1,
435,https://authors.library.caltech.edu/records/3h7b3-z1g47,2014-02-01,2014,https://doi.org/10.1088/0004-637X/781/2/103,No,No,0,0,0,0,0,0,
436,https://authors.library.caltech.edu/records/7vmn2-5v312,2014-06-10,2014,https://doi.org/10.1088/0004-637X/788/1/2,No,No,0,0,0,0,0,0,
437,https://authors.library.caltech.edu/records/9r04b-svt66,2014-02-01,2014,https://doi.org/10.1088/0004-637X/781/2/109,No,No,0,0,0,0,0,0,
438,https://authors.library.caltech.edu/records/s68e1-y3p09,2014-06-10,2014,https://doi.org/10.1088/0004-637X/788/1/92,No,No,0,0,0,0,0,0,
439,https://authors.library.caltech.edu/records/9jtq2-v1298,2014-01-01,2014,https://doi.org/10.1093/mnras/stt1859,No,No,0,0,0,0,0,0,
440,https://authors.library.caltech.edu/records/gzsk8-9xr79,2014-10-20,2014,https://doi.org/10.1088/0004-637X/794/2/134,No,No,0,0,0,0,0,0,
441,https://authors.library.caltech.edu/records/cn3vt-1jn17,2014-10-20,2014,https://doi.org/10.1088/0004-637X/794/2/155,No,No,0,0,0,0,0,0,
442,https://authors.library.caltech.edu/records/gmgrg-61h92,2014-07-20,2014,https://doi.org/10.1088/0004-637X/790/1/53,No,No,0,0,0,0,0,0,
443,https://authors.library.caltech.edu/records/r7vk9-wmh10,2014-09-25,2014,https://doi.org/10.1038/nature13785,SI,SI,0,0,0,0,0,1,
444,https://authors.library.caltech.edu/records/qwya2-tkq42,2014-03-10,2014,https://doi.org/10.1088/0004-637X/783/2/70,No,No,0,0,0,0,0,0,
445,https://authors.library.caltech.edu/records/5wxqq-nbn83,2014-04-20,2014,https://doi.org/10.1088/0004-637X/785/2/126,No,No,0,0,0,0,0,0,
446,https://authors.library.caltech.edu/records/wq57r-t7g57,2014-07-11,2014,https://doi.org/10.1093/mnras/stu814,No,No,0,0,0,0,0,0,
447,https://authors.library.caltech.edu/records/9czqj-n7339,2014-07-01,2014,https://doi.org/10.1101/gr.159384.113,SI,SI,0,0,0,0,0,1,
448,https://authors.library.caltech.edu/records/fzh2c-5fr87,2014-03-10,2014,https://doi.org/10.1088/0004-637X/783/2/112,No,No,0,0,0,0,0,0,
449,https://authors.library.caltech.edu/records/z3k24-r8j94,2014-03-10,2014,https://doi.org/10.1088/0004-637X/783/2/113,No,No,0,0,0,0,0,0,
450,https://authors.library.caltech.edu/records/vjaj4-5p602,2014-03-01,2014,https://doi.org/10.1051/0004-6361/201322362,No,No,0,0,0,0,0,0,
